manufacturer,model,manufacturer_and_model,model_year,vehicle_type,outlet,first_registration_date,first_usage_date,purchase_date,last_inspection_date,battery_capacity_kWh,electric_range_km_reported,power_kW,top_speed_kmh,mileage_km,price_eur,battery_test_pdf_url,soh,is_imported,is_utility_vehicle,status
Kia,EV6,Kia EV6,2022,PASSENGER_CAR,Lahti,10/24/2025,8/23/2022,9/29/2025,10/23/2025,77,460,239,188,23000,38290,https://res.cloudinary.com/kamux/image/upload/v1768306471/prod_v2/95857bd7-7ba6-46a5-b7b3-1b41af40b893.pdf,98.1,FALSE,FALSE,
Skoda,Enyaq,Skoda Enyaq,2022,PASSENGER_CAR,Vantaa Airport,4/29/2022,4/28/2022,1/7/2026,2/4/2026,82,499,195,160,151000,28680,https://res.cloudinary.com/kamux/image/upload/v1767790201/prod_v2/4430fa9d-4c8b-46f6-861a-8ae1c68a18a0.pdf,90.7,FALSE,FALSE,
Citroen,C4,Citroen C4,2022,PASSENGER_CAR,Espoo Niittykumpu,12/15/2023,6/28/2022,9/26/2025,10/3/2025,50,360,100,150,35000,17390,https://res.cloudinary.com/kamux/image/upload/v1768915234/prod_v2/9ef04d29-54e9-4c68-b8f1-56cbb34e328d.pdf,94,FALSE,FALSE,
Kia,EV9,Kia EV9,2024,PASSENGER_CAR,Tampere Lakalaiva,,8/30/2024,1/26/2026,,99.8,505,283,200,38000,66900,https://res.cloudinary.com/kamux/image/upload/v1770717679/prod_v2/ed1da462-b16f-4147-863d-0784e3f6730b.pdf,98.8,TRUE,FALSE,
Mercedes-Benz,EQV,Mercedes-Benz EQV,2022,PASSENGER_CAR,Espoo Friisilä,,5/15/2022,1/23/2026,,100,418,150,160,87000,43790,https://res.cloudinary.com/kamux/image/upload/v1769589592/prod_v2/1743ae0a-8f25-43d7-8871-082df4a27d8a.pdf,97.3,TRUE,FALSE,
Volkswagen,ID.4,Volkswagen ID.4,2022,PASSENGER_CAR,Tuusula,10/12/2025,7/14/2022,2/9/2026,10/9/2025,82,540,220,180,104000,28900,https://res.cloudinary.com/kamux/image/upload/v1770716005/prod_v2/4efd4d8f-51a8-4673-855e-1361031cce9d.pdf,91.5,FALSE,FALSE,
Hyundai,Ioniq Electric,Hyundai Ioniq Electric,2018,PASSENGER_CAR,Vaasa,8/30/2021,6/5/2018,1/29/2026,5/26/2024,30.5,280,88,165,103000,13690,https://res.cloudinary.com/kamux/image/upload/v1769693958/prod_v2/68e8b6f9-01c0-48c6-89ef-f2480a07b4f0.pdf,89.8,FALSE,FALSE,
Volkswagen,ID.3,Volkswagen ID.3,2021,PASSENGER_CAR,Forssa,4/8/2021,4/8/2021,1/30/2026,3/16/2025,62,420,107,160,62000,20390,https://res.cloudinary.com/kamux/image/upload/v1769792630/prod_v2/c9519c85-e208-4c90-b865-ca0b6961f2a4.pdf,94.6,FALSE,FALSE,
Mercedes-Benz,EQC,Mercedes-Benz EQC,2022,PASSENGER_CAR,Tampere Lakalaiva,8/4/2025,2/20/2022,1/30/2026,8/4/2025,80,472,300,180,39000,38990,https://res.cloudinary.com/kamux/image/upload/v1770643695/prod_v2/f1d61b0e-b591-4c3b-928f-d20f2810698f.pdf,98.2,FALSE,FALSE,
Porsche,Macan,Porsche Macan,2024,PASSENGER_CAR,Espoo Friisilä,9/29/2025,9/29/2024,10/16/2025,9/29/2025,100,613,300,220,8000,85780,https://res.cloudinary.com/kamux/image/upload/v1765191451/prod_v2/c8f20019-2ac7-4812-85ec-7973772fedfe.pdf,97.2,FALSE,FALSE,
Volkswagen,ID.4,Volkswagen ID.4,2022,PASSENGER_CAR,Pori,1/15/2026,10/25/2021,12/17/2025,1/15/2026,82,517,150,160,58000,28870,https://res.cloudinary.com/kamux/image/upload/v1769691349/prod_v2/8cc64baa-6d25-4295-a3ca-b0320e022f43.pdf,94.8,FALSE,FALSE,
Volkswagen,ID.3,Volkswagen ID.3,2021,PASSENGER_CAR,Kokkola,12/29/2020,12/29/2020,2/3/2026,12/10/2024,62,413,150,160,46000,20760,https://res.cloudinary.com/kamux/image/upload/v1770131919/prod_v2/aebe750b-6ce4-400e-b76f-4da69ccbaf24.pdf,93.2,FALSE,FALSE,
Volkswagen,ID.5,Volkswagen ID.5,2025,PASSENGER_CAR,Vantaa Airport,1/27/2026,4/8/2025,1/9/2026,1/27/2026,79,510,250,180,15000,45790,https://res.cloudinary.com/kamux/image/upload/v1769528091/prod_v2/250c91af-3445-48de-9c87-79ec223129ad.pdf,99.4,FALSE,FALSE,
Mini,Cooper,Mini Cooper,2022,PASSENGER_CAR,Vantaa Varisto,11/21/2022,4/25/2022,2/4/2026,11/21/2022,32.6,237,135,150,27000,20400,https://res.cloudinary.com/kamux/image/upload/v1770203999/prod_v2/36650a4e-8ded-4b4a-a89b-0836d6ff568a.pdf,95.9,FALSE,FALSE,
Peugeot,e-208,Peugeot e-208,2020,PASSENGER_CAR,Turku,8/4/2022,1/27/2020,2/5/2026,1/18/2026,50,310,100,150,30000,16990,https://res.cloudinary.com/kamux/image/upload/v1770298758/prod_v2/d2036345-101b-4d12-bf1d-e6ddbde13948.pdf,94.9,FALSE,FALSE,
Volkswagen,ID.4,Volkswagen ID.4,2023,PASSENGER_CAR,Raisio,3/6/2023,3/6/2023,2/5/2026,,82,547,220,180,81000,32390,https://res.cloudinary.com/kamux/image/upload/v1770301954/prod_v2/3a4e40a2-44a9-42a8-838d-0debb176fea0.pdf,93.3,FALSE,FALSE,
Tesla,Model Y,Tesla Model Y,2022,PASSENGER_CAR,Oulunportti,3/28/2023,8/31/2022,2/9/2026,,82,533,258,217,79000,34590,https://res.cloudinary.com/kamux/image/upload/v1770628942/prod_v2/8e852ce2-9f8b-4273-8564-9220258458c5.pdf,92.4,FALSE,FALSE,
Tesla,Model 3,Tesla Model 3,2020,PASSENGER_CAR,Tuusula,4/8/2020,4/8/2020,2/7/2026,3/4/2024,75,560,258,233,145000,22500,https://res.cloudinary.com/kamux/image/upload/v1770639090/prod_v2/e5ad0bc8-73e0-4f0f-a090-ca8405e2883e.pdf,91.4,FALSE,FALSE,
Cupra,Born,Cupra Born,2023,PASSENGER_CAR,Kamux Verkkokauppa,,12/19/2022,10/22/2025,,82,548,170,160,92000,26700,https://res.cloudinary.com/kamux/image/upload/v1761382340/prod_v2/467f5680-5f99-48c6-88cc-5e46fbe96aad.pdf,95.6,TRUE,FALSE,
Mercedes-Benz,EQA,Mercedes-Benz EQA,2022,PASSENGER_CAR,Espoo Niittykumpu,2/6/2026,9/28/2022,12/22/2025,2/6/2026,66,496,140,160,48000,29770,https://res.cloudinary.com/kamux/image/upload/v1770297463/prod_v2/d4ad525a-e018-4e4c-86fe-f98d4804e116.pdf,96.7,FALSE,FALSE,
Renault,Zoe,Renault Zoe,2021,PASSENGER_CAR,Turku,4/25/2022,10/5/2020,1/30/2026,10/3/2024,52,383,100,140,116000,12950,https://res.cloudinary.com/kamux/image/upload/v1770301562/prod_v2/7645df5d-08f0-475b-aa2c-0c046b63e612.pdf,87.7,FALSE,FALSE,
MG,Marvel R,MG Marvel R,2022,PASSENGER_CAR,Jyväskylä,5/26/2025,10/30/2022,12/15/2025,5/26/2025,70,370,130,200,56000,24890,https://res.cloudinary.com/kamux/image/upload/v1768307196/prod_v2/e05bc652-6f66-4756-a58d-11c1284a523b.pdf,94.8,FALSE,FALSE,
Volkswagen,ID.4,Volkswagen ID.4,2022,PASSENGER_CAR,Tuusula,9/14/2022,9/13/2022,1/22/2026,,82,535,150,160,53000,27400,https://res.cloudinary.com/kamux/image/upload/v1769766832/prod_v2/875361c9-dbeb-4c19-910d-1a7909db8e67.pdf,96,FALSE,FALSE,
Volkswagen,ID.3,Volkswagen ID.3,2022,PASSENGER_CAR,Espoo Koskelo,8/1/2023,1/17/2022,10/30/2025,1/19/2026,62,420,150,160,37000,22970,https://res.cloudinary.com/kamux/image/upload/v1768306603/prod_v2/565a5afd-5652-4b01-b9ec-168ccb07c877.pdf,93.8,FALSE,FALSE,
Tesla,Model Y,Tesla Model Y,2021,PASSENGER_CAR,Turku,8/18/2022,9/9/2021,11/18/2025,11/17/2025,75,505,258,217,63000,32490,https://res.cloudinary.com/kamux/image/upload/v1768307174/prod_v2/c237294a-d448-4cbf-b78b-5f752bd8593f.pdf,92.6,FALSE,FALSE,
Volkswagen,ID.4,Volkswagen ID.4,2021,PASSENGER_CAR,Oulu Limingantulli,,9/1/2021,10/24/2025,11/7/2025,82,530,150,160,46000,26870,https://res.cloudinary.com/kamux/image/upload/v1763723292/prod_v2/8b020203-d7e6-4248-9cdf-e803afd75a93.pdf,93.8,TRUE,FALSE,
Opel,Mokka-e,Opel Mokka-e,2023,PASSENGER_CAR,Turku,5/28/2023,5/28/2023,1/16/2026,,50,342,100,150,33000,17770,https://res.cloudinary.com/kamux/image/upload/v1768573863/prod_v2/0821c2c1-16f7-494f-aab1-c63088ee57be.pdf,99.2,FALSE,FALSE,
Tesla,Model X,Tesla Model X,2019,PASSENGER_CAR,Turku,,11/18/2019,1/26/2026,2/3/2026,100,505,311,250,102000,43900,https://res.cloudinary.com/kamux/image/upload/v1770387271/prod_v2/cb87eeb6-1e5e-45a9-aced-1b376f584f24.pdf,88.5,TRUE,FALSE,
Skoda,Enyaq,Skoda Enyaq,2022,PASSENGER_CAR,Vantaa Airport,6/20/2022,10/26/2021,12/31/2025,8/4/2025,62,400,132,160,71000,23670,https://res.cloudinary.com/kamux/image/upload/v1768211810/prod_v2/bcc1bff0-ae45-4863-b46f-c0e0cb85c19d.pdf,94.4,FALSE,FALSE,
Audi,e-tron,Audi e-tron,2022,PASSENGER_CAR,Turku,1/15/2026,5/23/2022,12/18/2025,1/14/2026,95,452,300,200,67000,39880,https://res.cloudinary.com/kamux/image/upload/v1767630435/prod_v2/32cbc029-fd6e-4eee-9929-803d90e0b0a1.pdf,96.6,FALSE,FALSE,
Kia,EV6,Kia EV6,2023,PASSENGER_CAR,Turku,1/19/2026,11/10/2022,12/19/2025,1/16/2026,77,510,168,185,63000,33490,https://res.cloudinary.com/kamux/image/upload/v1768306254/prod_v2/f3508e42-09b7-485a-99af-1f47e7bad238.pdf,97.3,FALSE,FALSE,
Volkswagen,ID.5,Volkswagen ID.5,2023,PASSENGER_CAR,Turku,1/10/2023,1/10/2023,1/5/2026,,77,513,150,160,46000,29590,https://res.cloudinary.com/kamux/image/upload/v1767779859/prod_v2/b9506c83-a138-4f25-99f2-484ad4582661.pdf,94.5,FALSE,FALSE,
Polestar,2,Polestar 2,2024,PASSENGER_CAR,Turku,12/31/2025,1/18/2024,12/3/2025,12/22/2025,69,518,200,205,16000,36490,https://res.cloudinary.com/kamux/image/upload/v1768307188/prod_v2/c9ca6cc8-fb83-4ab8-9933-552d6d705a71.pdf,98.2,FALSE,FALSE,
Polestar,2,Polestar 2,2023,PASSENGER_CAR,Turku,12/15/2025,7/2/2023,11/18/2025,12/15/2025,78,551,170,160,53000,28890,https://res.cloudinary.com/kamux/image/upload/v1765889876/prod_v2/a31e00bb-e99c-4dc7-b7ef-6a6ce9763543.pdf,94.3,FALSE,FALSE,
Mercedes-Benz,EQB,Mercedes-Benz EQB,2023,PASSENGER_CAR,Turku,11/17/2025,11/21/2022,10/8/2025,11/14/2025,66.5,419,168,160,81000,30880,https://res.cloudinary.com/kamux/image/upload/v1765480302/prod_v2/f7e5f4c9-2f89-4ba5-986b-a64cb36895d4.pdf,96.6,FALSE,FALSE,
Audi,Q4 e-tron,Audi Q4 e-tron,2023,PASSENGER_CAR,Turku,12/2/2025,11/29/2022,10/29/2025,12/2/2025,82,528,150,160,92000,27690,https://res.cloudinary.com/kamux/image/upload/v1768306012/prod_v2/f30567bc-bafe-4ac3-991b-0f6678fa97e0.pdf,94.5,FALSE,FALSE,
Mercedes-Benz,EQE SUV,Mercedes-Benz EQE SUV,2023,PASSENGER_CAR,Turku,11/18/2025,10/10/2023,10/1/2025,11/18/2025,89,536,215,210,50000,58390,https://res.cloudinary.com/kamux/image/upload/v1762866475/prod_v2/8ad8f7d1-bdf2-4e3c-83f9-33565bf3bdea.pdf,97.2,FALSE,FALSE,
BMW,iX,BMW iX,2022,PASSENGER_CAR,Turku,10/8/2025,2/13/2022,9/11/2025,10/8/2025,112,630,385,200,63000,57490,https://res.cloudinary.com/kamux/image/upload/v1759912869/prod_v2/ee226a2f-4002-41d8-baee-7fa43983cf1e.pdf,95.9,FALSE,FALSE,
Volvo,C40,Volvo C40,2023,PASSENGER_CAR,Espoo Friisilä,1/28/2026,1/15/2023,1/15/2026,1/28/2026,78,450,300,180,67000,34990,https://res.cloudinary.com/kamux/image/upload/v1770711611/prod_v2/e0e60221-257a-48cc-bd70-fce503e18baa.pdf,94.8,FALSE,FALSE,
Mercedes-Benz,EQE,Mercedes-Benz EQE,2024,PASSENGER_CAR,Turku,5/20/2025,11/27/2023,4/23/2025,5/19/2025,90,603,215,210,94000,42900,https://res.cloudinary.com/kamux/image/upload/v1760020006/prod_v2/aeb0a6df-a66f-418a-8227-d7a37d188a8a.pdf,97.9,FALSE,FALSE,
Tesla,Model 3,Tesla Model 3,2019,PASSENGER_CAR,Oulu Limingantulli,3/29/2019,3/28/2019,1/24/2026,7/23/2024,74,560,350,233,224000,18590,https://res.cloudinary.com/kamux/image/upload/v1769248291/prod_v2/a656038d-3850-4411-ac71-6a3aeee0e6a6.pdf,85.3,FALSE,FALSE,
Mercedes-Benz,EQB,Mercedes-Benz EQB,2023,PASSENGER_CAR,Tampere Lakalaiva,9/29/2022,9/29/2022,2/5/2026,,66,419,140,160,58000,29500,https://res.cloudinary.com/kamux/image/upload/v1770458727/prod_v2/f9c66866-6620-4b53-bf4e-933a779670e6.pdf,97.3,FALSE,FALSE,
Volkswagen,ID.4,Volkswagen ID.4,2022,PASSENGER_CAR,Vaasa,10/29/2025,1/4/2022,10/2/2025,10/29/2025,82,511,150,160,42000,26180,https://res.cloudinary.com/kamux/image/upload/v1768306110/prod_v2/96c5ba18-0416-4bfb-9abe-5e3743607403.pdf,94.9,FALSE,FALSE,
MG,ZS,MG ZS,2021,PASSENGER_CAR,Hyvinkää,1/2/2024,9/27/2021,1/21/2026,10/8/2025,44.5,263,44.5,140,62000,13490,https://res.cloudinary.com/kamux/image/upload/v1769166067/prod_v2/cd602408-8fd6-43d1-9669-20436dd61d14.pdf,89.9,FALSE,FALSE,
Skoda,Enyaq,Skoda Enyaq,2022,PASSENGER_CAR,Joensuu,10/30/2025,7/31/2022,10/9/2025,10/30/2025,82,460,195,160,81000,29890,https://res.cloudinary.com/kamux/image/upload/v1762439890/prod_v2/07e5fe65-3e11-4972-abb4-72cd872defdc.pdf,93.4,FALSE,FALSE,
Mercedes-Benz,EQC,Mercedes-Benz EQC,2020,PASSENGER_CAR,Hämeenlinna,7/29/2022,6/15/2020,2/6/2026,3/15/2024,80,430,300,180,67000,35700,https://res.cloudinary.com/kamux/image/upload/v1770465368/prod_v2/13fb1c34-fb47-4ffc-a0a5-347319a67012.pdf,94.8,FALSE,FALSE,
Tesla,Model Y,Tesla Model Y,2021,PASSENGER_CAR,Porvoo,8/31/2021,8/31/2021,1/22/2026,8/7/2025,82,533,258,217,126000,28780,https://res.cloudinary.com/kamux/image/upload/v1769167754/prod_v2/860e141e-8551-4a56-9149-d4da2d5f836c.pdf,90,FALSE,FALSE,
Porsche,Taycan,Porsche Taycan,2022,PASSENGER_CAR,Espoo Niittykumpu,6/15/2022,6/14/2022,1/13/2026,,93.4,456,350,220,64000,65900,https://res.cloudinary.com/kamux/image/upload/v1768398742/prod_v2/76d6f021-3dc1-4931-9c06-c38ab8a83be9.pdf,92.3,FALSE,FALSE,
Polestar,4,Polestar 4,2024,PASSENGER_CAR,Lappeenranta,,7/24/2024,1/19/2026,,100,590,400,200,17000,56490,https://res.cloudinary.com/kamux/image/upload/v1770707595/prod_v2/24310465-94c7-416c-b77e-36a85c59c9c8.pdf,99.5,TRUE,FALSE,
Polestar,2,Polestar 2,2023,PASSENGER_CAR,Iisalmi,12/31/2025,11/17/2022,12/19/2025,12/31/2025,78,463,350,205,99000,33900,https://res.cloudinary.com/kamux/image/upload/v1767781925/prod_v2/d4d69e22-e102-4387-8fa4-1a57ee6629c7.pdf,94.2,FALSE,FALSE,
Volkswagen,ID.5,Volkswagen ID.5,2022,PASSENGER_CAR,Oulunportti,,10/12/2022,11/27/2025,12/12/2025,82,512,220,180,100000,28790,https://res.cloudinary.com/kamux/image/upload/v1767884595/prod_v2/1a2599b9-266f-45c8-8267-3e76282de85f.pdf,92.3,TRUE,FALSE,
Volvo,C40,Volvo C40,2024,PASSENGER_CAR,Oulunportti,12/16/2025,6/3/2024,11/27/2025,12/12/2025,82,582,185,180,30000,37490,https://res.cloudinary.com/kamux/image/upload/v1765449508/prod_v2/512e7338-6748-46ee-97c4-93351f8fe38d.pdf,96.9,FALSE,FALSE,
Skoda,Enyaq,Skoda Enyaq,2022,PASSENGER_CAR,Tampere Lakalaiva,10/25/2021,10/25/2021,1/23/2026,6/26/2025,80,500,,160,171000,22250,https://res.cloudinary.com/kamux/image/upload/v1769611081/prod_v2/5139e4c9-2c80-4c92-af63-80da5c522fc3.pdf,92.3,FALSE,FALSE,
Volkswagen,ID.3,Volkswagen ID.3,2022,PASSENGER_CAR,Iisalmi,12/16/2025,12/7/2021,11/27/2025,12/11/2025,58,422,150,160,89000,18490,https://res.cloudinary.com/kamux/image/upload/v1765345529/prod_v2/6f6967ef-5fe6-4514-9c53-bb9d5a0afdb9.pdf,94.6,FALSE,FALSE,
Skoda,Enyaq,Skoda Enyaq,2021,PASSENGER_CAR,Vantaa Varisto,,5/5/2021,9/16/2025,12/10/2025,82,527,150,160,94000,26480,https://res.cloudinary.com/kamux/image/upload/v1770046162/prod_v2/c6e48b3a-f1af-4fb5-8701-23d734ff7c23.pdf,89.7,TRUE,FALSE,
Volkswagen,Golf,Volkswagen Golf,2015,PASSENGER_CAR,Oulunportti,4/22/2015,4/22/2015,1/30/2026,1/6/2026,26.5,190,85,140,171000,7970,https://res.cloudinary.com/kamux/image/upload/v1769792235/prod_v2/4aec7ba4-a48e-41f7-be5d-7d6c99512cc3.pdf,78.5,FALSE,FALSE,
Volkswagen,ID.4,Volkswagen ID.4,2023,PASSENGER_CAR,Pori,11/13/2025,8/2/2023,10/20/2025,11/13/2025,82,509,220,180,92000,28390,https://res.cloudinary.com/kamux/image/upload/v1763020149/prod_v2/eec67fd4-3631-4a86-8a12-3ae89465932e.pdf,93.3,FALSE,FALSE,
Skoda,Enyaq,Skoda Enyaq,2022,PASSENGER_CAR,Pori,7/11/2022,7/10/2022,12/5/2025,,82,527,150,160,72000,31790,https://res.cloudinary.com/kamux/image/upload/v1765536726/prod_v2/e3a92e39-4663-4afb-b622-8944feb4f298.pdf,94.7,FALSE,FALSE,
Kia,Niro,Kia Niro,2023,PASSENGER_CAR,Porvoo,10/22/2025,3/30/2023,5/15/2025,6/4/2025,67,450,150,167,24000,26680,https://res.cloudinary.com/kamux/image/upload/v1759310668/prod_v2/4065aeec-f0f1-4dad-84f3-5cd0b2bd8abc.pdf,98.5,FALSE,FALSE,
Peugeot,e-208,Peugeot e-208,2022,PASSENGER_CAR,Helsinki Herttoniemi,6/5/2025,11/29/2021,1/30/2026,4/14/2025,50,350,,150,40000,14390,https://res.cloudinary.com/kamux/image/upload/v1769792038/prod_v2/235d0fa3-9d6d-4ea0-80af-daeaa5a3e35e.pdf,93.5,FALSE,FALSE,
Volkswagen,ID.4,Volkswagen ID.4,2022,PASSENGER_CAR,Helsinki Herttoniemi,12/30/2021,12/29/2021,12/19/2025,12/4/2025,82,517,150,160,40000,28880,https://res.cloudinary.com/kamux/image/upload/v1767087549/prod_v2/13b5293f-2d79-4dbb-8ae0-f4fbd461ea27.pdf,93.7,FALSE,FALSE,
Volkswagen,Golf,Volkswagen Golf,2018,PASSENGER_CAR,Vantaa Airport,8/7/2022,5/28/2018,2/9/2026,7/4/2024,1,1,,150,130000,11870,https://res.cloudinary.com/kamux/image/upload/v1770461497/prod_v2/454bcfd7-ad6a-4d28-926c-471cbc5f750b.pdf,92.8,FALSE,FALSE,
Skoda,Enyaq,Skoda Enyaq,2023,PASSENGER_CAR,Forssa,7/10/2023,7/9/2023,2/6/2026,,82,518,150,160,69000,35590,https://res.cloudinary.com/kamux/image/upload/v1770390793/prod_v2/fcafd35b-4078-4659-b965-3a18bec1504a.pdf,95.7,FALSE,FALSE,
Audi,e-tron,Audi e-tron,2022,PASSENGER_CAR,Tuusula,,11/30/2021,1/13/2026,,95,441,300,200,59000,36340,https://res.cloudinary.com/kamux/image/upload/v1769695262/prod_v2/4ba01a4d-79bd-49ba-bcaa-086ea8c0eac9.pdf,98.3,TRUE,FALSE,
Audi,e-tron,Audi e-tron,2020,PASSENGER_CAR,Lahti,2/4/2026,9/16/2020,1/12/2026,2/4/2026,95,359,300,200,38000,36900,https://res.cloudinary.com/kamux/image/upload/v1770294907/prod_v2/ddf75ba6-0d38-4048-a17b-0c22f32f3b5d.pdf,95.6,TRUE,FALSE,
Tesla,Model 3,Tesla Model 3,2021,PASSENGER_CAR,Seinäjoki,10/29/2023,9/23/2021,1/30/2026,9/3/2025,75,602,340,233,59000,29800,https://res.cloudinary.com/kamux/image/upload/v1770113618/prod_v2/937df297-4861-4bf9-b302-e3f2be6fb2a7.pdf,92.9,FALSE,FALSE,
Subaru,Solterra,Subaru Solterra,2023,PASSENGER_CAR,Tuusula,12/12/2023,12/11/2023,10/9/2025,,71,350,160,160,64000,29890,https://res.cloudinary.com/kamux/image/upload/v1761033115/prod_v2/b1003189-d964-4a75-8893-7c63aa7c82c3.pdf,96.8,FALSE,FALSE,
Volkswagen,ID.4,Volkswagen ID.4,2021,PASSENGER_CAR,Tuusula,,6/30/2021,10/7/2025,10/23/2025,82,511,150,160,62000,27670,https://res.cloudinary.com/kamux/image/upload/v1761223685/prod_v2/a79eae4b-1fe1-4bc3-af36-ed60ab71d0b1.pdf,93.5,TRUE,FALSE,
BMW,i4 M50,BMW i4 M50,2022,PASSENGER_CAR,Tuusula,11/10/2025,5/24/2022,10/3/2025,11/10/2025,84,521,400,225,135000,38980,https://res.cloudinary.com/kamux/image/upload/v1763631791/prod_v2/cb8b75f1-bb58-4b38-bc7e-df2e305702a1.pdf,93.9,FALSE,FALSE,
Renault,Megane,Renault Megane,2022,PASSENGER_CAR,Järvenpää,,12/28/2022,1/23/2026,,45,300,90,150,77000,25490,https://res.cloudinary.com/kamux/image/upload/v1770639286/prod_v2/f5dd9526-1429-44cd-888f-e3d20b4d37e9.pdf,95.4,TRUE,FALSE,
Skoda,Enyaq,Skoda Enyaq,2022,PASSENGER_CAR,Jyväskylä,11/25/2021,11/24/2021,1/21/2026,1/20/2026,77,400,195,160,72000,32790,https://res.cloudinary.com/kamux/image/upload/v1770461694/prod_v2/0a7a2d89-9bf0-439d-8889-5fd35316e14d.pdf,91.5,FALSE,FALSE,
Volvo,XC40,Volvo XC40,2023,PASSENGER_CAR,Lappeenranta,,5/1/2023,1/27/2026,,70,400,170,160,98000,28200,https://res.cloudinary.com/kamux/image/upload/v1770645957/prod_v2/472815ae-70eb-4bb9-9830-c621074789a6.pdf,93.4,TRUE,FALSE,
Tesla,Model 3,Tesla Model 3,2021,PASSENGER_CAR,Kokkola,,9/16/2021,12/10/2025,1/14/2026,54,448,211,225,29000,26840,https://res.cloudinary.com/kamux/image/upload/v1770645202/prod_v2/944e2053-c817-4f49-99b5-b14a5b991e6f.pdf,92.2,TRUE,FALSE,
Ford,Mustang Mach-E,Ford Mustang Mach-E,2022,PASSENGER_CAR,Forssa,1/11/2022,1/11/2022,1/3/2026,12/29/2025,75,420,198,180,55000,28990,https://res.cloudinary.com/kamux/image/upload/v1767780974/prod_v2/f670e394-01eb-4dfb-8a0a-e21200375820.pdf,94,FALSE,FALSE,
Audi,Q4 e-tron,Audi Q4 e-tron,2022,PASSENGER_CAR,Lappeenranta,12/12/2025,8/31/2022,11/3/2025,12/10/2025,82,488,220,180,87000,31880,https://res.cloudinary.com/kamux/image/upload/v1764071823/prod_v2/9ac987bf-abe3-457a-8aa3-e6d66ed26064.pdf,93.1,FALSE,FALSE,
Volkswagen,ID.5,Volkswagen ID.5,2025,PASSENGER_CAR,Tampere Lakalaiva,1/27/2026,5/15/2025,1/9/2026,1/27/2026,79,534,250,180,9000,48790,https://res.cloudinary.com/kamux/image/upload/v1769510728/prod_v2/4937ee06-4590-43fb-af37-f2c244a538bc.pdf,98.9,FALSE,FALSE,
Opel,Corsa-e,Opel Corsa-e,2022,PASSENGER_CAR,Espoo Friisilä,,11/21/2022,1/21/2026,,50,337,100,150,72000,14490,https://res.cloudinary.com/kamux/image/upload/v1769440778/prod_v2/79321731-9ad5-488d-85d0-732a4526f390.pdf,95.4,TRUE,FALSE,
Audi,e-tron,Audi e-tron,2022,PASSENGER_CAR,Järvenpää,,11/29/2021,1/26/2026,,95,441,300,200,69000,37900,https://res.cloudinary.com/kamux/image/upload/v1770634679/prod_v2/1b09e6bf-e1b0-421c-8b59-cdb3408301cd.pdf,94.8,TRUE,FALSE,
Opel,Corsa-e,Opel Corsa-e,2023,PASSENGER_CAR,Espoo Niittykumpu,2/4/2026,8/24/2023,1/21/2026,2/4/2026,50,337,100,150,9000,17900,https://res.cloudinary.com/kamux/image/upload/v1770199902/prod_v2/27ff0754-f9f0-45ca-bbc1-b941d8d5a7ae.pdf,99.8,FALSE,FALSE,
BMW,iX,BMW iX,2023,PASSENGER_CAR,Espoo Friisilä,12/29/2022,12/29/2022,1/22/2026,12/30/2022,76.6,436,544,200,86000,44490,https://res.cloudinary.com/kamux/image/upload/v1769608658/prod_v2/39b35dda-e64f-4fce-acac-54de330859e5.pdf,97.3,FALSE,FALSE,
Skoda,Enyaq,Skoda Enyaq,2023,PASSENGER_CAR,Helsinki Herttoniemi,1/27/2026,8/31/2023,12/4/2025,1/16/2026,82,521,195,160,90000,33680,https://res.cloudinary.com/kamux/image/upload/v1767772975/prod_v2/3ca0c94b-3551-4d2c-92b0-a8df8a83c76b.pdf,93.4,FALSE,FALSE,
Skoda,Enyaq,Skoda Enyaq,2021,PASSENGER_CAR,Rauma,,8/3/2021,10/16/2025,11/3/2025,82,532,150,160,70000,29470,https://res.cloudinary.com/kamux/image/upload/v1763033593/prod_v2/97d11fd3-ce55-49a6-a8fe-7dec807f74ae.pdf,91.5,TRUE,FALSE,
Kia,EV6,Kia EV6,2022,PASSENGER_CAR,Kamux Verkkokauppa,,9/11/2022,10/1/2025,,77.4,50,239,185,59000,37880,https://res.cloudinary.com/kamux/image/upload/v1760007340/prod_v2/d1fe0c96-9f78-4b88-b015-31c7cc4c5391.pdf,96.3,TRUE,FALSE,
Volkswagen,ID.7,Volkswagen ID.7,2024,PASSENGER_CAR,Tuusula,3/21/2024,3/21/2024,2/3/2026,,77,500,210,180,97000,38900,https://res.cloudinary.com/kamux/image/upload/v1770135017/prod_v2/c26a2252-26cc-4ce1-a791-2cbba7f028f2.pdf,93.6,FALSE,FALSE,
Toyota,Proace EV,Toyota Proace EV,2021,VAN,Jyväskylä Worx,1/8/2026,11/17/2021,12/4/2025,1/5/2026,75,221,100,130,56000,28190,https://res.cloudinary.com/kamux/image/upload/v1768306505/prod_v2/3c2b9690-a9b9-4819-8580-a1763f7f28d2.pdf,94.5,FALSE,TRUE,
Polestar,2,Polestar 2,2024,PASSENGER_CAR,Lappeenranta,2/5/2026,10/23/2023,1/14/2026,2/5/2026,82,540,220,205,45000,38900,https://res.cloudinary.com/kamux/image/upload/v1770636696/prod_v2/bc7eef73-7a8e-456b-a5d4-c207b7a76868.pdf,98.4,TRUE,FALSE,
Skoda,Enyaq,Skoda Enyaq,2023,PASSENGER_CAR,Järvenpää,,12/28/2022,1/22/2026,,82,521,195,160,70000,33490,https://res.cloudinary.com/kamux/image/upload/v1770634483/prod_v2/5a7eafde-dbb6-41d3-bafb-f9d6b4dbec98.pdf,94,TRUE,FALSE,
Hyundai,Ioniq 5,Hyundai Ioniq 5,2022,PASSENGER_CAR,Salo,9/2/2025,3/31/2022,7/10/2025,8/7/2025,58,380,125,185,48000,24580,https://res.cloudinary.com/kamux/image/upload/v1762264735/prod_v2/00f7e40c-d4ca-4bae-9553-e46675cbd106.pdf,97.4,FALSE,FALSE,
Tesla,Model Y,Tesla Model Y,2023,PASSENGER_CAR,Helsinki Herttoniemi,8/17/2023,12/18/2022,2/6/2026,8/16/2023,74,533,258,217,77000,34890,https://res.cloudinary.com/kamux/image/upload/v1770385403/prod_v2/435d5e1e-c74a-4321-b329-6823beeda612.pdf,92.9,FALSE,FALSE,
Polestar,3,Polestar 3,2024,PASSENGER_CAR,Hämeenlinna,12/4/2025,6/16/2024,12/30/2025,6/17/2024,111,560,360,210,21000,68780,https://res.cloudinary.com/kamux/image/upload/v1770370129/prod_v2/d14392ac-3c50-4b2d-bb65-36e7555c6d9a.pdf,98.6,FALSE,FALSE,not valid
Audi,e-tron,Audi e-tron,2022,PASSENGER_CAR,Espoo Koskelo,2/4/2026,2/15/2022,1/16/2026,2/4/2026,95,369,300,200,36000,34790,https://res.cloudinary.com/kamux/image/upload/v1770295104/prod_v2/e2c879d2-dea0-4f8d-8ab8-6d98749321ec.pdf,97.5,TRUE,FALSE,
Volkswagen,Golf,Volkswagen Golf,2015,PASSENGER_CAR,Turku,8/26/2015,8/26/2015,2/7/2026,6/24/2025,24.2,190,85,140,100000,10790,https://res.cloudinary.com/kamux/image/upload/v1770465547/prod_v2/6199aebb-4496-43da-927c-832ef24f4226.pdf,82.2,FALSE,FALSE,
Peugeot,e-208,Peugeot e-208,2022,PASSENGER_CAR,Lohja,9/14/2022,9/14/2022,2/7/2026,,50,362,,150,74000,14690,https://res.cloudinary.com/kamux/image/upload/v1770629893/prod_v2/09c56edb-c120-4b3b-81ea-cf1d10591d7d.pdf,94.1,FALSE,FALSE,
Volkswagen,ID.3,Volkswagen ID.3,2024,PASSENGER_CAR,Helsinki Herttoniemi,1/9/2026,12/26/2023,11/14/2025,1/9/2026,82,575,150,160,41000,32800,https://res.cloudinary.com/kamux/image/upload/v1764931103/prod_v2/f9984b45-ac6f-4874-852d-72bfde96f63e.pdf,98.6,FALSE,FALSE,
Renault,Scenic,Renault Scenic,2024,PASSENGER_CAR,Helsinki Herttoniemi,1/27/2026,11/28/2024,12/22/2025,1/19/2026,87,625,160,170,20000,38390,https://res.cloudinary.com/kamux/image/upload/v1767361899/prod_v2/070b4e23-bdc1-4491-bb07-230cf275ff3b.pdf,99.1,FALSE,FALSE,
BMW,i4 M50,BMW i4 M50,2023,PASSENGER_CAR,Tampere Lakalaiva,1/27/2026,10/16/2022,12/8/2025,1/16/2026,84,520,400,225,75000,42990,https://res.cloudinary.com/kamux/image/upload/v1768307117/prod_v2/b868dd77-9e76-435d-bfad-a5492b2ba83f.pdf,94.6,FALSE,FALSE,
Mercedes-Benz,EQC,Mercedes-Benz EQC,2021,PASSENGER_CAR,Helsinki Herttoniemi,11/14/2024,11/25/2020,1/15/2026,9/24/2024,85,432,300,180,50000,36990,https://res.cloudinary.com/kamux/image/upload/v1768464994/prod_v2/705f44be-ae83-41cd-8212-3c3a5061d931.pdf,95.6,FALSE,FALSE,
Opel,Corsa-e,Opel Corsa-e,2022,PASSENGER_CAR,Helsinki Herttoniemi,,1/4/2022,12/17/2025,2/5/2026,50,354,100,150,29000,13880,https://res.cloudinary.com/kamux/image/upload/v1766493016/prod_v2/9ede86b5-d202-48e8-9b8c-551574b9a32a.pdf,92.3,TRUE,FALSE,
Hyundai,Ioniq Electric,Hyundai Ioniq Electric,2018,PASSENGER_CAR,Seinäjoki,10/12/2021,11/12/2018,2/5/2026,11/10/2024,30.5,280,88,165,135000,11470,https://res.cloudinary.com/kamux/image/upload/v1770193925/prod_v2/7db683c4-9ef0-457b-a006-042c6461b514.pdf,89.8,FALSE,FALSE,
Volkswagen,ID.4,Volkswagen ID.4,2021,PASSENGER_CAR,Salo,,8/4/2021,10/9/2025,10/29/2025,82,511,150,160,39000,27680,https://res.cloudinary.com/kamux/image/upload/v1762180269/prod_v2/f28420f7-8022-4f63-b2d2-ec0b45d44659.pdf,93.4,TRUE,FALSE,
Skoda,Enyaq,Skoda Enyaq,2022,PASSENGER_CAR,Salo,11/5/2025,7/21/2022,10/17/2025,11/4/2025,82,500,150,160,66000,29900,https://res.cloudinary.com/kamux/image/upload/v1762417567/prod_v2/ef37345f-fc4c-42cb-946d-0d11bdf7ea6f.pdf,95.5,FALSE,FALSE,
Maxus,Euniq 5,Maxus Euniq 5,2022,PASSENGER_CAR,Kuopio,7/13/2022,7/5/2022,2/9/2026,,52.5,360,130,160,65000,19900,https://res.cloudinary.com/kamux/image/upload/v1770459661/prod_v2/a8dd16f8-fc8d-46c1-b74f-0fbc03896bc0.pdf,90.5,FALSE,FALSE,not valid
Hyundai,Ioniq 5,Hyundai Ioniq 5,2022,PASSENGER_CAR,Järvenpää,,12/6/2021,1/14/2026,,73,460,225,185,51000,30890,https://res.cloudinary.com/kamux/image/upload/v1770111765/prod_v2/6fd8cccf-0f94-4001-bc22-01b5555013e4.pdf,98,TRUE,FALSE,
Opel,Vivaro-e,Opel Vivaro-e,2021,VAN,Pori Worx,10/22/2021,10/21/2021,11/5/2025,9/3/2025,75,329,100,130,27000,26790,https://res.cloudinary.com/kamux/image/upload/v1770627851/prod_v2/3b7be6b8-20c2-4a47-aae6-18eef8e1ddc9.pdf,92.2,FALSE,TRUE,
Ford,Transit,Ford Transit,2022,VAN,Hyvinkää Worx,5/15/2025,7/5/2022,4/10/2025,5/14/2025,68,258,200,133,2000,34480,https://res.cloudinary.com/kamux/image/upload/v1759226108/prod_v2/3a9848de-cedd-4210-bfcd-c49066d6dacd.pdf,99.4,FALSE,TRUE,
Kia,EV6,Kia EV6,2023,PASSENGER_CAR,Oulunportti,12/31/2025,3/5/2023,12/9/2025,12/29/2025,77,506,239,188,129000,29490,https://res.cloudinary.com/kamux/image/upload/v1766400446/prod_v2/1b56b559-0857-4d80-85e3-f53eae1fe19e.pdf,94.7,FALSE,FALSE,
Volkswagen,ID.4,Volkswagen ID.4,2022,PASSENGER_CAR,Lappeenranta,1/15/2026,9/7/2022,12/22/2025,1/15/2026,82,511,150,160,35000,26700,https://res.cloudinary.com/kamux/image/upload/v1768466142/prod_v2/d6204099-1afb-46e4-8917-a4d4b14bee4e.pdf,92.9,FALSE,FALSE,
Skoda,Enyaq,Skoda Enyaq,2023,PASSENGER_CAR,Lappeenranta,1/19/2023,1/19/2023,1/7/2026,,82,500,150,160,122000,24990,https://res.cloudinary.com/kamux/image/upload/v1767870545/prod_v2/2fede9fe-f5e5-428e-b050-193a7fca3727.pdf,91.7,FALSE,FALSE,
Polestar,2,Polestar 2,2022,PASSENGER_CAR,Jyväskylä,10/23/2025,3/6/2022,8/26/2025,9/16/2025,64,444,165,160,118000,22500,https://res.cloudinary.com/kamux/image/upload/v1759307351/prod_v2/8bb1b66e-8190-4e7d-b2b5-3025d5d230ed.pdf,92,FALSE,FALSE,
Polestar,2,Polestar 2,2023,PASSENGER_CAR,Kotka,1/22/2026,11/17/2022,12/10/2025,1/21/2026,78,487,300,205,108000,30780,https://res.cloudinary.com/kamux/image/upload/v1770625801/prod_v2/3fdcd7e3-2bca-4ebc-b105-04ba9d9c0086.pdf,93.7,FALSE,FALSE,
Volkswagen,ID.3,Volkswagen ID.3,2022,PASSENGER_CAR,Lappeenranta,12/18/2025,12/6/2021,12/2/2025,12/16/2025,62,420,150,160,59000,19870,https://res.cloudinary.com/kamux/image/upload/v1770028640/prod_v2/07270c2f-9579-487c-a29f-ed7f02382e6b.pdf,95.4,FALSE,FALSE,
Opel,Mokka,Opel Mokka,2022,PASSENGER_CAR,Vantaa Varisto,1/17/2022,1/16/2022,1/9/2026,12/17/2025,50,318,1,150,103000,12990,https://res.cloudinary.com/kamux/image/upload/v1770625601/prod_v2/925da005-10c0-40a7-bec1-c67a39081fa4.pdf,90.6,FALSE,FALSE,
Polestar,2,Polestar 2,2022,PASSENGER_CAR,Lappeenranta,11/4/2025,4/24/2022,10/17/2025,11/4/2025,78,540,170,160,94000,25900,https://res.cloudinary.com/kamux/image/upload/v1762433463/prod_v2/5c71f708-aba9-4e9f-bac8-19d81637ba1e.pdf,94.4,FALSE,FALSE,
BMW,i4,BMW i4,2022,PASSENGER_CAR,Lappeenranta,10/3/2025,3/8/2022,8/29/2025,10/3/2025,84,590,250,190,116000,31690,https://res.cloudinary.com/kamux/image/upload/v1763380085/prod_v2/1d737a45-eee4-4ba6-b123-507045817282.pdf,95.4,FALSE,FALSE,
Tesla,Model 3,Tesla Model 3,2019,PASSENGER_CAR,Kaarina,10/10/2023,7/3/2019,2/3/2026,12/1/2025,54,491,211,225,227000,16600,https://res.cloudinary.com/kamux/image/upload/v1770129137/prod_v2/4c7ea82e-eab6-4b69-8953-ad35eac51bf5.pdf,81.4,FALSE,FALSE,
Tesla,Model 3,Tesla Model 3,2019,PASSENGER_CAR,Hämeenlinna,3/6/2019,3/6/2019,2/6/2026,8/12/2024,75,602,340,233,192000,19390,https://res.cloudinary.com/kamux/image/upload/v1770366197/prod_v2/1b7805c9-c05d-4ebd-8166-a62df04cf78c.pdf,87.2,FALSE,FALSE,
Mercedes-Benz,Vito,Mercedes-Benz Vito,2019,VAN,Seinäjoki Worx,6/2/2022,4/8/2019,12/5/2025,4/25/2024,41,150,85,120,62000,14900,https://res.cloudinary.com/kamux/image/upload/v1767442085/prod_v2/a2cbc5b3-540a-4f57-97d3-25df39c62409.pdf,90.7,FALSE,TRUE,
Kia,EV6,Kia EV6,2022,PASSENGER_CAR,Tuusula,,8/7/2022,1/23/2026,,77.4,480,239,188,49000,36800,https://res.cloudinary.com/kamux/image/upload/v1770295103/prod_v2/e0cfcfd1-41e8-4fd8-9555-966ba8bbab60.pdf,97.3,TRUE,FALSE,
Hyundai,Ioniq 5,Hyundai Ioniq 5,2021,PASSENGER_CAR,Tuusula,,11/17/2021,12/5/2025,,73,481,160,185,61000,26890,https://res.cloudinary.com/kamux/image/upload/v1767019529/prod_v2/50339f78-2db7-4eb7-91c0-ae7188fdf466.pdf,97.7,TRUE,FALSE,
Polestar,2,Polestar 2,2023,PASSENGER_CAR,Kokkola,7/24/2024,11/15/2022,2/5/2026,7/24/2024,78,482,350,205,58000,35680,https://res.cloudinary.com/kamux/image/upload/v1770308563/prod_v2/a6595f47-8b2d-4459-b997-ec7886f9b503.pdf,94,FALSE,FALSE,
Audi,e-tron,Audi e-tron,2021,PASSENGER_CAR,Kuopio Worx,5/15/2024,2/1/2021,2/10/2026,1/13/2025,95,378,300,200,129000,32980,https://res.cloudinary.com/kamux/image/upload/v1769429567/prod_v2/3fdc1eba-6f07-4e02-81c1-ec4a315411e6.pdf,92.1,FALSE,FALSE,
Mercedes-Benz,EQC,Mercedes-Benz EQC,2020,PASSENGER_CAR,Jyväskylä,12/9/2021,6/4/2020,1/29/2026,5/15/2024,80,472,300,180,120000,30480,https://res.cloudinary.com/kamux/image/upload/v1770460218/prod_v2/290f98fe-f6e4-4f8d-ba25-468028d05784.pdf,97.2,FALSE,FALSE,
Tesla,Model 3,Tesla Model 3,2021,PASSENGER_CAR,Oulunportti,9/14/2021,9/14/2021,1/21/2026,10/2/2025,55,491,208,225,111000,21990,https://res.cloudinary.com/kamux/image/upload/v1770196322/prod_v2/92186a26-6b1b-4679-bb25-969d13f04d11.pdf,92.3,FALSE,FALSE,
Kia,e-Niro,Kia e-Niro,2019,PASSENGER_CAR,Kamux Verkkokauppa,,5/9/2019,1/15/2026,,64,455,150,155,108000,18900,https://res.cloudinary.com/kamux/image/upload/v1768469681/prod_v2/5f6db04e-9470-4ef1-b8ad-adb80a4a1d35.pdf,95,TRUE,FALSE,
Nissan,Leaf,Nissan Leaf,2019,PASSENGER_CAR,Lempäälä Ideapark,7/17/2022,8/12/2018,1/12/2026,1/9/2025,40,270,110,144,142000,9800,https://res.cloudinary.com/kamux/image/upload/v1768382820/prod_v2/708282e9-3ded-469c-a8df-397551183fc0.pdf,84.7,FALSE,FALSE,
Volvo,C40,Volvo C40,2024,PASSENGER_CAR,Lempäälä Ideapark,1/14/2026,1/10/2024,12/4/2025,12/30/2025,82,582,185,180,83000,33990,https://res.cloudinary.com/kamux/image/upload/v1766398956/prod_v2/65187125-f870-468b-8027-83f94815a58d.pdf,97.7,FALSE,FALSE,
Volvo,XC40,Volvo XC40,2023,PASSENGER_CAR,Lempäälä Ideapark,1/14/2026,9/1/2022,12/8/2025,12/23/2025,69,425,170,160,121000,26350,https://res.cloudinary.com/kamux/image/upload/v1769775946/prod_v2/bdfffe90-7f5b-46ad-a2d4-83341086a1d6.pdf,93.7,FALSE,FALSE,
Kia,EV3,Kia EV3,2025,PASSENGER_CAR,Lempäälä Ideapark,10/30/2025,10/14/2025,10/20/2025,10/30/2025,58,410,150,170,1000,32800,https://res.cloudinary.com/kamux/image/upload/v1769178538/prod_v2/b22fb6e5-c4f2-4033-afc7-f05734dcc0f6.pdf,99.7,FALSE,FALSE,
Volkswagen,ID. Buzz,Volkswagen ID. Buzz,2023,PASSENGER_CAR,Lempäälä Ideapark,10/16/2025,12/4/2022,9/25/2025,10/16/2025,82,423,150,145,64000,39870,https://res.cloudinary.com/kamux/image/upload/v1767783959/prod_v2/47febca5-90d4-4ce4-8b87-f0a4e72ac666.pdf,95.7,FALSE,FALSE,
Citroen,e-C4 X,Citroen e-C4 X,2023,PASSENGER_CAR,Lempäälä Ideapark,10/27/2025,5/21/2023,8/27/2025,10/27/2025,50,360,100,150,27000,19400,https://res.cloudinary.com/kamux/image/upload/v1760615789/prod_v2/1762f4ee-d7a4-4cfa-8734-b8b5d87a7ad2.pdf,98.5,FALSE,FALSE,
Nissan,Ariya,Nissan Ariya,2022,PASSENGER_CAR,Lempäälä Ideapark,9/10/2025,8/30/2022,8/27/2025,9/10/2025,63,402,160,160,53000,27990,https://res.cloudinary.com/kamux/image/upload/v1766058822/prod_v2/25a8d5f7-f588-4c32-b2fe-257926ae083b.pdf,98.6,FALSE,FALSE,
Volkswagen,ID.4,Volkswagen ID.4,2022,PASSENGER_CAR,Hyvinkää,11/6/2025,5/6/2022,10/10/2025,11/5/2025,82,511,150,160,55000,26190,https://res.cloudinary.com/kamux/image/upload/v1768306463/prod_v2/288902e0-416f-4909-85c7-42e8064d33c3.pdf,95.5,FALSE,FALSE,
Volvo,XC40,Volvo XC40,2023,PASSENGER_CAR,Forssa,12/22/2025,9/15/2022,12/11/2025,12/18/2025,78,438,300,180,104000,30790,https://res.cloudinary.com/kamux/image/upload/v1765966157/prod_v2/3a0f866b-d2e8-4d01-bc77-8e5aeb0c2740.pdf,94.5,FALSE,FALSE,
Volkswagen,ID.4,Volkswagen ID.4,2022,PASSENGER_CAR,Forssa,11/27/2025,10/3/2021,11/10/2025,11/27/2025,82,510,150,160,21000,32880,https://res.cloudinary.com/kamux/image/upload/v1764227746/prod_v2/32237d56-771a-41cc-abad-4af58dcb607f.pdf,96.6,FALSE,FALSE,
Polestar,2,Polestar 2,2021,PASSENGER_CAR,Forssa,3/4/2024,9/22/2020,1/12/2026,11/3/2025,78,482,300,205,134000,26890,https://res.cloudinary.com/kamux/image/upload/v1768212384/prod_v2/0d008825-a6d9-4f33-a5b1-a42d4793c4a8.pdf,91.1,FALSE,FALSE,
Volkswagen,ID.4,Volkswagen ID.4,2025,PASSENGER_CAR,Espoo Niittykumpu,1/27/2026,4/22/2025,1/9/2026,1/26/2026,82,480,250,180,10000,48400,https://res.cloudinary.com/kamux/image/upload/v1769510532/prod_v2/5b811b51-2875-4aa9-b02f-7ebd1188e8b1.pdf,100.3,FALSE,FALSE,
Mercedes-Benz,EQC,Mercedes-Benz EQC,2021,PASSENGER_CAR,Oulu Limingantulli,,1/18/2021,12/10/2025,1/27/2026,80,410,300,180,96000,35490,https://res.cloudinary.com/kamux/image/upload/v1766389845/prod_v2/331784fd-0cdf-4145-9451-840fe64be92c.pdf,94.6,TRUE,FALSE,
Volkswagen,ID.4,Volkswagen ID.4,2023,PASSENGER_CAR,Espoo Friisilä,12/17/2025,10/12/2022,12/4/2025,12/17/2025,82,510,150,160,31000,32790,https://res.cloudinary.com/kamux/image/upload/v1765964651/prod_v2/1cca550f-df3c-484b-90e7-65e43b246504.pdf,96.9,FALSE,FALSE,
Volkswagen,ID.5,Volkswagen ID.5,2022,PASSENGER_CAR,Tuusula,11/30/2022,11/30/2022,2/5/2026,,77,513,128,160,82000,24900,https://res.cloudinary.com/kamux/image/upload/v1770465744/prod_v2/bd9b6258-393d-4ff2-b49e-79421784bae1.pdf,93.8,FALSE,FALSE,
Volkswagen,ID.3,Volkswagen ID.3,2022,PASSENGER_CAR,Oulu Limingantulli,12/31/2025,12/2/2021,11/27/2025,12/29/2025,58,422,150,160,88000,19480,https://res.cloudinary.com/kamux/image/upload/v1768306119/prod_v2/dbd08924-199b-44dd-908c-6909ad08f8e9.pdf,95,FALSE,FALSE,
Polestar,2,Polestar 2,2023,PASSENGER_CAR,Lohja,6/30/2025,12/19/2022,2/6/2026,5/5/2025,69,478,170,160,77000,25800,https://res.cloudinary.com/kamux/image/upload/v1770377701/prod_v2/02b8b499-57c2-47ad-adc9-7d88d039bb92.pdf,95.3,FALSE,FALSE,
Volkswagen,ID.3,Volkswagen ID.3,2021,PASSENGER_CAR,Oulunportti,2/27/2025,12/20/2021,1/28/2026,2/23/2025,62,422,150,160,82000,20790,https://res.cloudinary.com/kamux/image/upload/v1770184844/prod_v2/e4d7a7fa-d369-4001-8be7-eeb5d5131774.pdf,93.4,FALSE,FALSE,
BMW,i4 M50,BMW i4 M50,2023,PASSENGER_CAR,Porvoo,,11/28/2022,1/29/2026,,83.9,520,400,225,44000,48350,https://res.cloudinary.com/kamux/image/upload/v1770301184/prod_v2/f11ce157-3d4c-44d4-af8e-f18c27bff81c.pdf,95.8,TRUE,FALSE,
Mercedes-Benz,EQB,Mercedes-Benz EQB,2024,PASSENGER_CAR,Espoo Niittykumpu,,5/14/2024,12/23/2025,,70,535,140,160,22000,36200,https://res.cloudinary.com/kamux/image/upload/v1770463694/prod_v2/540f6672-db05-42b9-8748-416af2b40d72.pdf,99.3,TRUE,FALSE,
Polestar,2,Polestar 2,2021,PASSENGER_CAR,Seinäjoki,1/27/2023,10/19/2021,11/27/2025,11/7/2025,78,482,300,205,96000,26590,https://res.cloudinary.com/kamux/image/upload/v1764589120/prod_v2/3551694a-ce3b-4b33-8456-d893b6e53e7c.pdf,92.7,FALSE,FALSE,
Volkswagen,ID.3,Volkswagen ID.3,2021,PASSENGER_CAR,Järvenpää,,6/15/2021,10/21/2025,11/19/2025,58,420,107,160,75000,18490,https://res.cloudinary.com/kamux/image/upload/v1763546480/prod_v2/3eadb4c5-9c09-46df-b7b0-deda2668a921.pdf,94.2,TRUE,FALSE,
Hyundai,Ioniq 5,Hyundai Ioniq 5,2022,PASSENGER_CAR,Espoo Niittykumpu,7/3/2025,5/2/2022,6/12/2025,6/30/2025,73,460,224,185,99000,26980,https://res.cloudinary.com/kamux/image/upload/v1762945736/prod_v2/2014cef9-eec8-40b7-bff2-1859a945f172.pdf,94.5,FALSE,FALSE,
Tesla,Model X,Tesla Model X,2017,PASSENGER_CAR,Raisio,10/20/2024,12/20/2017,11/30/2025,11/16/2025,75,386,244,,109000,29890,https://res.cloudinary.com/kamux/image/upload/v1763122945/prod_v2/67ff1649-67a8-495b-8274-c8deda222863.pdf,90,FALSE,FALSE,
BMW,iX3,BMW iX3,2021,PASSENGER_CAR,Raisio,7/26/2022,5/2/2021,12/2/2025,2/13/2025,80,459,210,180,126000,30390,https://res.cloudinary.com/kamux/image/upload/v1765896712/prod_v2/e377632d-b670-4304-8b84-7292b537e4c1.pdf,95.4,FALSE,FALSE,
BMW,iX1,BMW iX1,2023,PASSENGER_CAR,Raisio,12/31/2025,6/29/2023,10/24/2025,12/31/2025,68,440,230,180,33000,36480,https://res.cloudinary.com/kamux/image/upload/v1765554163/prod_v2/7ec5c131-26f4-4146-ab68-6067504379cf.pdf,99.1,FALSE,FALSE,
Polestar,2,Polestar 2,2024,PASSENGER_CAR,Porvoo,12/17/2025,5/19/2024,11/21/2025,12/11/2025,82,591,310,205,39000,42880,https://res.cloudinary.com/kamux/image/upload/v1764665458/prod_v2/87bf85ea-93be-45d1-981d-b3ffd64f1c65.pdf,96.4,FALSE,FALSE,
Audi,e-tron,Audi e-tron,2019,PASSENGER_CAR,Raisio,,3/10/2019,10/10/2025,1/30/2026,95,359,300,200,92000,30750,https://res.cloudinary.com/kamux/image/upload/v1762879269/prod_v2/16f8b7cf-9d8b-4770-9849-8283fa831289.pdf,92.2,TRUE,FALSE,
Tesla,Model 3,Tesla Model 3,2021,PASSENGER_CAR,Vantaa Airport,2/17/2021,2/17/2021,1/21/2026,4/1/2025,75,580,258,233,141000,24380,https://res.cloudinary.com/kamux/image/upload/v1769085491/prod_v2/b975b662-f24f-4d28-be4f-1aa7619b7fda.pdf,92.1,FALSE,FALSE,
Hyundai,Ioniq 5,Hyundai Ioniq 5,2022,PASSENGER_CAR,Vantaa Varisto,10/23/2022,4/13/2022,2/5/2026,2/3/2026,73,480,160,185,150000,20880,https://res.cloudinary.com/kamux/image/upload/v1770298201/prod_v2/020c5b3d-f84b-47dd-a957-698548aaf4fb.pdf,94.9,FALSE,FALSE,
Volkswagen,ID.4,Volkswagen ID.4,2023,PASSENGER_CAR,Raisio,3/2/2023,3/2/2023,2/4/2026,,82,547,220,180,92000,31290,https://res.cloudinary.com/kamux/image/upload/v1770118434/prod_v2/8fcf2361-c488-474e-867d-544e3f74b60d.pdf,92.1,FALSE,FALSE,
BMW,i3,BMW i3,2022,PASSENGER_CAR,Pori,11/13/2024,9/27/2022,1/8/2026,11/13/2024,42,310,125,150,39000,21500,https://res.cloudinary.com/kamux/image/upload/v1769160695/prod_v2/48b2234f-034c-4316-b110-2b0579682b8f.pdf,91.8,FALSE,FALSE,
Nissan,Leaf,Nissan Leaf,2021,PASSENGER_CAR,Helsinki Herttoniemi,9/9/2020,9/9/2020,12/23/2025,2/26/2025,40,270,160,144,127000,10490,https://res.cloudinary.com/kamux/image/upload/v1768307586/prod_v2/7dfe0835-84f3-4fae-8750-01ebbb5fe08c.pdf,92,FALSE,FALSE,
Volkswagen,Up!,Volkswagen Up!,2020,PASSENGER_CAR,Helsinki Herttoniemi,,9/29/2020,11/21/2025,,36,258,61,130,19000,14490,https://res.cloudinary.com/kamux/image/upload/v1769180932/prod_v2/617f72fb-0023-4f89-b5c4-7f5117b8b28c.pdf,97.2,TRUE,FALSE,
Polestar,2,Polestar 2,2024,PASSENGER_CAR,Helsinki Herttoniemi,1/27/2026,6/17/2024,12/16/2025,1/16/2026,82,591,310,205,35000,43590,https://res.cloudinary.com/kamux/image/upload/v1766138136/prod_v2/4ac06ddd-2968-40a5-a619-1e7963288b0c.pdf,97.1,FALSE,FALSE,
Tesla,Model 3,Tesla Model 3,2020,PASSENGER_CAR,Tuusula,9/25/2020,9/24/2020,1/30/2026,1/23/2026,55,415,211,225,78000,21780,https://res.cloudinary.com/kamux/image/upload/v1770213046/prod_v2/83639863-3f2d-441a-ada9-7a24097cd1f0.pdf,91.9,FALSE,FALSE,
Audi,e-tron,Audi e-tron,2022,PASSENGER_CAR,Raisio,2/4/2026,7/13/2022,1/13/2026,2/4/2026,95,369,300,200,45000,42900,https://res.cloudinary.com/kamux/image/upload/v1770299874/prod_v2/3c8cb0ad-eb1e-49b6-be76-ade07699894d.pdf,96.4,TRUE,FALSE,
Volvo,XC40,Volvo XC40,2023,PASSENGER_CAR,Tuusula,12/5/2025,3/1/2023,11/13/2025,12/2/2025,78,438,300,180,109000,30790,https://res.cloudinary.com/kamux/image/upload/v1763631234/prod_v2/2433ac6b-fd9f-45f1-804d-850dda8e2041.pdf,95.8,FALSE,FALSE,
Tesla,Model 3,Tesla Model 3,2021,PASSENGER_CAR,Kouvola,11/8/2021,11/8/2021,12/12/2025,8/12/2025,54,448,208,225,86000,23260,https://res.cloudinary.com/kamux/image/upload/v1766400069/prod_v2/be7217a6-815d-4354-a9b4-1e741ac06592.pdf,93.2,FALSE,FALSE,
Volvo,XC40,Volvo XC40,2020,PASSENGER_CAR,Espoo Niittykumpu,6/5/2025,12/1/2020,2/3/2026,6/4/2025,78,418,300,180,86000,29890,https://res.cloudinary.com/kamux/image/upload/v1770026612/prod_v2/3473b30c-a77f-4e65-9a4a-95e0a284222e.pdf,93.2,FALSE,FALSE,
Volkswagen,Up!,Volkswagen Up!,2020,PASSENGER_CAR,Tuusula,,9/29/2020,11/13/2025,12/18/2025,36.8,258,61,130,8000,14560,https://res.cloudinary.com/kamux/image/upload/v1764922577/prod_v2/17b59e13-3e95-4e3a-bd9b-07c6e8b3c0ea.pdf,95.8,TRUE,FALSE,
Tesla,Model 3,Tesla Model 3,2019,PASSENGER_CAR,Tuusula,,6/29/2019,12/18/2025,1/13/2026,75,560,340,233,147000,22790,https://res.cloudinary.com/kamux/image/upload/v1768231695/prod_v2/6fe30787-2eba-45d9-9820-00afeb5062fa.pdf,88.2,TRUE,FALSE,
Peugeot,e-2008,Peugeot e-2008,2022,PASSENGER_CAR,Tuusula,7/29/2022,7/28/2022,1/14/2026,,50,342,100,150,91000,14890,https://res.cloudinary.com/kamux/image/upload/v1769155367/prod_v2/86bcee48-5e8f-4f9f-87ef-5201b6e21c9b.pdf,92.6,FALSE,FALSE,
Renault,Zoe,Renault Zoe,2017,PASSENGER_CAR,Tuusula,4/21/2022,9/28/2016,1/22/2026,2/20/2024,22,160,50,135,121000,5900,https://res.cloudinary.com/kamux/image/upload/v1768986310/prod_v2/0f954b4b-eba5-4d7a-a416-54b4e66c0020.pdf,76.1,FALSE,FALSE,
Opel,Corsa-e,Opel Corsa-e,2021,PASSENGER_CAR,Espoo Niittykumpu,1/14/2021,1/14/2021,2/3/2026,1/12/2025,1,337,100,150,50000,14190,https://res.cloudinary.com/kamux/image/upload/v1770110059/prod_v2/333ecb74-b7e8-49ff-9cbf-3f10127e1002.pdf,91.3,FALSE,FALSE,
BMW,iX1,BMW iX1,2023,PASSENGER_CAR,Vantaa Airport,,10/9/2023,10/10/2025,11/4/2025,68,440,230,180,35000,36890,https://res.cloudinary.com/kamux/image/upload/v1763804242/prod_v2/cb001c97-3911-464b-a1a8-e4e03c4baaa2.pdf,98.3,TRUE,FALSE,
Toyota,bZ4X,Toyota bZ4X,2023,PASSENGER_CAR,Pori,8/23/2023,8/23/2023,1/20/2026,,71.4,500,,160,46000,29470,https://res.cloudinary.com/kamux/image/upload/v1770389319/prod_v2/f2ac1c9c-942c-47f4-89b7-b392e5c3431b.pdf,97.3,FALSE,FALSE,
Nissan,Leaf,Nissan Leaf,2022,PASSENGER_CAR,Hyvinkää,1/29/2026,5/17/2022,12/16/2025,1/18/2026,64,270,160,157,18000,19690,https://res.cloudinary.com/kamux/image/upload/v1767367456/prod_v2/53fb33c7-b18d-49cb-86eb-489349bc8077.pdf,96.9,FALSE,FALSE,
Volvo,C40,Volvo C40,2023,PASSENGER_CAR,Raisio,2/4/2026,1/8/2023,12/2/2025,1/23/2026,69,438,170,160,47000,30880,https://res.cloudinary.com/kamux/image/upload/v1768048269/prod_v2/c42f084a-c963-4081-991a-8e451def3b4c.pdf,96.6,FALSE,FALSE,
Volvo,XC40,Volvo XC40,2023,PASSENGER_CAR,Oulunportti,2/4/2026,10/25/2022,12/2/2025,1/9/2026,78,438,300,180,62000,34490,https://res.cloudinary.com/kamux/image/upload/v1770184844/prod_v2/9db5a838-5666-4074-a4bf-bed8701e41e8.pdf,95.4,FALSE,FALSE,
Polestar,2,Polestar 2,2024,PASSENGER_CAR,Raisio,2/3/2026,1/2/2024,1/21/2026,1/29/2026,82,591,310,205,60000,41800,https://res.cloudinary.com/kamux/image/upload/v1770205129/prod_v2/358da700-7142-428f-bce7-e22d984781a4.pdf,96.6,FALSE,FALSE,
Tesla,Model X,Tesla Model X,2016,PASSENGER_CAR,Tampere Lakalaiva,9/8/2020,9/19/2016,10/3/2025,8/18/2024,85.8,390,345,250,136000,30690,https://res.cloudinary.com/kamux/image/upload/v1759498799/prod_v2/14a68417-11ab-4108-a36e-980af839a50a.pdf,89.4,FALSE,FALSE,
BMW,iX,BMW iX,2022,PASSENGER_CAR,Helsinki Malmi,1/30/2026,7/10/2022,12/2/2025,1/29/2026,77,426,240,200,55000,44580,https://res.cloudinary.com/kamux/image/upload/v1765881432/prod_v2/751cbdaf-e815-49d4-916e-d073796c89c6.pdf,97.6,TRUE,FALSE,
Peugeot,e-308,Peugeot e-308,2024,PASSENGER_CAR,Tampere Lakalaiva,,6/27/2024,10/16/2025,12/5/2025,54,410,115,170,18000,31990,https://res.cloudinary.com/kamux/image/upload/v1769679351/prod_v2/3f280502-473d-4ca2-a459-129f4b22f9ff.pdf,97.7,TRUE,FALSE,
Skoda,Enyaq,Skoda Enyaq,2022,PASSENGER_CAR,Vantaa Varisto,12/9/2022,12/8/2022,1/8/2026,,80,521,195,160,77000,31790,https://res.cloudinary.com/kamux/image/upload/v1768825755/prod_v2/3936a9f5-bdd1-4881-b858-da5b5e850f27.pdf,92.9,FALSE,FALSE,
Skoda,Enyaq,Skoda Enyaq,2022,PASSENGER_CAR,Tampere Lakalaiva,11/26/2025,8/14/2022,10/24/2025,11/26/2025,82,510,150,160,24000,32990,https://res.cloudinary.com/kamux/image/upload/v1764141743/prod_v2/1320ae62-1657-4d9e-8cb3-3417d8e18670.pdf,96.2,FALSE,FALSE,
MG,MG4,MG MG4,2023,PASSENGER_CAR,Espoo Koskelo,,10/19/2023,1/20/2026,,51,350,125,160,6000,18490,https://res.cloudinary.com/kamux/image/upload/v1770110059/prod_v2/715b48a4-0e63-4b9d-a382-760c9078ea8e.pdf,94.7,TRUE,FALSE,
Volkswagen,ID.3,Volkswagen ID.3,2022,PASSENGER_CAR,Pori,12/12/2025,11/15/2021,12/2/2025,12/12/2025,62,420,150,160,47000,21700,https://res.cloudinary.com/kamux/image/upload/v1769592757/prod_v2/5f8bedf8-2abe-409e-9866-5e05e730ece3.pdf,94.5,FALSE,FALSE,
Tesla,Model S,Tesla Model S,2018,PASSENGER_CAR,Pori,8/27/2024,12/20/2018,1/23/2026,8/27/2024,100,632,,250,163000,27800,https://res.cloudinary.com/kamux/image/upload/v1769177425/prod_v2/76eb6928-54cd-4455-bfd0-8c314149810b.pdf,87.2,FALSE,FALSE,
Volkswagen,ID.4,Volkswagen ID.4,2022,PASSENGER_CAR,Kuopio,2/3/2022,2/3/2022,12/22/2025,,82,480,220,180,134000,25380,https://res.cloudinary.com/kamux/image/upload/v1766404117/prod_v2/d763bcc1-c0ac-4ab5-b4e4-82a7c1f70acf.pdf,90.1,FALSE,FALSE,
Mercedes-Benz,EQC,Mercedes-Benz EQC,2020,PASSENGER_CAR,Pori,11/29/2024,5/14/2020,12/30/2025,11/29/2024,80,472,300,180,91000,32690,https://res.cloudinary.com/kamux/image/upload/v1767800151/prod_v2/b50df210-1ea2-48b0-bb54-9ef8d4fc696d.pdf,92.6,FALSE,FALSE,
Volkswagen,ID.3,Volkswagen ID.3,2024,PASSENGER_CAR,Turku,,9/24/2023,1/13/2026,,62,425,150,160,7000,28790,https://res.cloudinary.com/kamux/image/upload/v1770054730/prod_v2/59ffc250-399f-4a2f-8f8e-42facaacc6d5.pdf,96.7,TRUE,FALSE,
Volkswagen,ID.3,Volkswagen ID.3,2022,PASSENGER_CAR,Tampere Lakalaiva,12/9/2025,8/28/2022,11/27/2025,12/9/2025,82,550,150,160,62000,23990,https://res.cloudinary.com/kamux/image/upload/v1765278355/prod_v2/f159be26-046a-44c1-a678-081d25f2fbfc.pdf,95.4,FALSE,FALSE,
Volkswagen,ID.5,Volkswagen ID.5,2022,PASSENGER_CAR,Tampere Lakalaiva,6/29/2022,6/29/2022,12/12/2025,,82,513,150,160,119000,24980,https://res.cloudinary.com/kamux/image/upload/v1765549787/prod_v2/b2af6c2a-82d9-461c-aa56-757bb2a7277d.pdf,93.3,FALSE,FALSE,
Audi,e-tron,Audi e-tron,2023,PASSENGER_CAR,Tampere Lakalaiva,12/22/2025,11/8/2022,12/10/2025,12/22/2025,95,440,300,200,98000,32400,https://res.cloudinary.com/kamux/image/upload/v1770206258/prod_v2/6a16c0a3-5b41-4e40-9061-0eca10b2c3a7.pdf,94.4,FALSE,FALSE,
Skoda,Enyaq,Skoda Enyaq,2023,PASSENGER_CAR,Lahti,12/2/2022,12/1/2022,2/3/2026,,82,544,150,160,65000,33700,https://res.cloudinary.com/kamux/image/upload/v1770305266/prod_v2/700a12c7-aabf-4fe8-ba26-0ebdd8f89e52.pdf,95.4,FALSE,FALSE,
Mercedes-Benz,EQE,Mercedes-Benz EQE,2023,PASSENGER_CAR,Tampere Lakalaiva,,10/26/2022,12/15/2025,1/15/2026,90.6,535,350,210,81000,52850,https://res.cloudinary.com/kamux/image/upload/v1768999793/prod_v2/0e81757c-4a9c-49e7-ac79-8ee64eb18c63.pdf,97.9,TRUE,FALSE,
BMW,i4 M50,BMW i4 M50,2024,PASSENGER_CAR,Vantaa Airport,12/11/2025,8/15/2023,11/19/2025,12/5/2025,84,595,400,225,64000,51480,https://res.cloudinary.com/kamux/image/upload/v1769703018/prod_v2/68fbd4bd-55e4-435c-914b-1111ae7fdc88.pdf,96.5,FALSE,FALSE,
Volkswagen,ID.4,Volkswagen ID.4,2023,PASSENGER_CAR,Tampere Lakalaiva,12/29/2025,3/14/2023,12/12/2025,12/29/2025,82,480,220,180,56000,32890,https://res.cloudinary.com/kamux/image/upload/v1767001297/prod_v2/13b69713-3518-4bc2-ae24-e214be56fd5a.pdf,93.2,FALSE,FALSE,
BMW,i3,BMW i3,2022,PASSENGER_CAR,Tampere Lakalaiva,,5/2/2022,12/18/2025,1/14/2026,42.2,310,125,150,27000,22390,https://res.cloudinary.com/kamux/image/upload/v1768906434/prod_v2/06f2e6dc-40b4-4743-8619-04135a851e82.pdf,92.3,TRUE,FALSE,
Audi,Q4 e-tron,Audi Q4 e-tron,2022,PASSENGER_CAR,Vantaa Airport,12/11/2025,1/3/2022,11/19/2025,12/9/2025,82,488,220,180,67000,34480,https://res.cloudinary.com/kamux/image/upload/v1762416256/prod_v2/aded4a22-aff3-4204-925f-1c88df8b57e3.pdf,93.9,FALSE,FALSE,
Citroen,C-Zero,Citroen C-Zero,2020,PASSENGER_CAR,Vantaa Airport,8/16/2021,1/29/2020,1/14/2026,1/12/2026,16,100,,130,50000,5850,https://res.cloudinary.com/kamux/image/upload/v1767970557/prod_v2/9eba08c0-2603-4841-aed1-c532dc14a222.pdf,83.4,FALSE,FALSE,
Kia,EV9,Kia EV9,2024,PASSENGER_CAR,Porvoo,1/28/2026,5/9/2024,12/8/2025,1/27/2026,99,668,283,200,22000,69790,https://res.cloudinary.com/kamux/image/upload/v1769259964/prod_v2/a5b95d11-62c9-4a2c-a09f-c3880225fd71.pdf,99,FALSE,FALSE,
Nissan,Leaf,Nissan Leaf,2021,PASSENGER_CAR,Jyväskylä,2/5/2024,10/19/2021,2/4/2026,6/3/2025,62,270,160,157,83000,17290,https://res.cloudinary.com/kamux/image/upload/v1770214161/prod_v2/8e2950c7-448c-43ea-959c-9929913afd3e.pdf,91.9,FALSE,FALSE,
Toyota,bZ4X,Toyota bZ4X,2023,PASSENGER_CAR,Espoo Koskelo,5/21/2023,5/21/2023,12/30/2025,,71.4,500,150,160,111000,26790,https://res.cloudinary.com/kamux/image/upload/v1770366786/prod_v2/35514288-16b6-431b-9817-5845f0528535.pdf,96.2,FALSE,FALSE,
BMW,iX,BMW iX,2022,PASSENGER_CAR,Espoo Niittykumpu,1/27/2026,12/28/2021,1/14/2026,1/27/2026,77,425,240,200,91000,43700,https://res.cloudinary.com/kamux/image/upload/v1770277635/prod_v2/36e21d3f-5ae9-4198-8c84-2929b466d10a.pdf,97.6,FALSE,FALSE,
Volkswagen,ID.4,Volkswagen ID.4,2021,PASSENGER_CAR,Vantaa Varisto,11/26/2025,10/10/2021,10/24/2025,11/26/2025,82,511,150,160,65000,28490,https://res.cloudinary.com/kamux/image/upload/v1768307066/prod_v2/1beb95a3-05f2-464e-8950-f87fdf9e6acd.pdf,91.4,FALSE,FALSE,
Opel,Mokka-e,Opel Mokka-e,2022,PASSENGER_CAR,Espoo Niittykumpu,1/14/2022,1/13/2022,11/29/2025,1/22/2026,50,322,100,150,33000,16980,https://res.cloudinary.com/kamux/image/upload/v1764417679/prod_v2/2eef6884-a2c8-4bc4-bd6d-31802baddb1a.pdf,93.4,FALSE,FALSE,
BMW,i4 M50,BMW i4 M50,2022,PASSENGER_CAR,Porvoo,,11/11/2022,1/23/2026,,83,520,400,,74000,47400,https://res.cloudinary.com/kamux/image/upload/v1770299874/prod_v2/213aaa78-fda2-454d-9e88-4092d0b1777b.pdf,94.6,FALSE,FALSE,
Tesla,Model Y,Tesla Model Y,2021,PASSENGER_CAR,Jyväskylä,12/29/2021,12/29/2021,1/30/2026,1/21/2026,79,533,258,217,91000,30790,https://res.cloudinary.com/kamux/image/upload/v1770214538/prod_v2/9c1c36da-ce6a-4e0c-ba90-1a0355c68545.pdf,90.9,FALSE,FALSE,
Skoda,Enyaq,Skoda Enyaq,2022,PASSENGER_CAR,Raisio,,4/29/2022,10/10/2025,,82,460,195,160,112000,28790,https://res.cloudinary.com/kamux/image/upload/v1765289987/prod_v2/f416c901-370b-4d47-ae6e-ac736ee79ef4.pdf,91.2,TRUE,FALSE,
Mercedes-Benz,EQC,Mercedes-Benz EQC,2021,PASSENGER_CAR,Espoo Friisilä,2/21/2025,10/4/2020,1/31/2026,1/21/2025,85,432,300,180,90000,33790,https://res.cloudinary.com/kamux/image/upload/v1769866388/prod_v2/481a7516-8691-4cb8-a10a-d0efd6664c06.pdf,94.5,FALSE,FALSE,
Volkswagen,ID.4,Volkswagen ID.4,2022,PASSENGER_CAR,Rauma,12/29/2025,7/14/2022,12/12/2025,12/28/2025,82,487,220,180,103000,28690,https://res.cloudinary.com/kamux/image/upload/v1768489299/prod_v2/14de4cd8-cb7f-49bd-92a4-b72a8b837a93.pdf,90.8,FALSE,FALSE,
Toyota,bZ4X,Toyota bZ4X,2023,PASSENGER_CAR,Turku,10/9/2025,3/12/2023,9/23/2025,10/9/2025,71,511,150,160,17000,32900,https://res.cloudinary.com/kamux/image/upload/v1767344773/prod_v2/26cbe28f-2b31-4c99-a1b6-b5befa0ff76d.pdf,97.7,FALSE,FALSE,
Polestar,2,Polestar 2,2022,PASSENGER_CAR,Rauma,1/23/2025,11/15/2021,1/20/2026,12/30/2024,1,1,,160,42000,29990,https://res.cloudinary.com/kamux/image/upload/v1768575914/prod_v2/750b7ff7-cb03-4edc-83e8-8b3b78031d9e.pdf,92.5,FALSE,FALSE,
Mini,Cooper,Mini Cooper,2021,PASSENGER_CAR,Rauma,9/5/2023,3/10/2021,12/20/2025,3/14/2025,32.6,237,135,150,19000,17990,https://res.cloudinary.com/kamux/image/upload/v1768306743/prod_v2/a9b5403c-3763-49db-a762-6117e26f065f.pdf,97.4,FALSE,FALSE,
Volkswagen,ID.5,Volkswagen ID.5,2022,PASSENGER_CAR,Porvoo,1/14/2026,10/13/2022,12/8/2025,1/12/2026,82,512,220,180,37000,33800,https://res.cloudinary.com/kamux/image/upload/v1767867447/prod_v2/cf913f9f-c423-4fb6-8f32-19f218f20fa2.pdf,95,FALSE,FALSE,
Volkswagen,ID.3,Volkswagen ID.3,2022,PASSENGER_CAR,Porvoo,12/19/2025,12/27/2021,12/3/2025,12/18/2025,58,426,150,160,63000,20580,https://res.cloudinary.com/kamux/image/upload/v1765961389/prod_v2/b1621603-83bf-4327-a5c1-9fd4e41ca55d.pdf,94.7,FALSE,FALSE,
Volkswagen,ID.3,Volkswagen ID.3,2021,PASSENGER_CAR,Jyväskylä,8/24/2023,11/4/2020,1/9/2026,7/10/2025,58,420,150,160,124000,17190,https://res.cloudinary.com/kamux/image/upload/v1768305862/prod_v2/41580930-7711-48fd-9b2f-26451aa3fc9f.pdf,90.8,FALSE,FALSE,
Volkswagen,ID.3,Volkswagen ID.3,2021,PASSENGER_CAR,Hyvinkää,12/31/2020,12/30/2020,1/5/2026,2/18/2025,58,419,150,160,118000,17460,https://res.cloudinary.com/kamux/image/upload/v1767622686/prod_v2/9c231f41-2b1b-472c-aeb1-b62c50a983ba.pdf,91.6,FALSE,FALSE,
Audi,e-tron,Audi e-tron,2023,PASSENGER_CAR,Helsinki Herttoniemi,1/28/2026,11/30/2022,1/13/2026,1/28/2026,95,441,300,200,50000,42900,https://res.cloudinary.com/kamux/image/upload/v1769603853/prod_v2/13afcc58-b37b-4402-b4aa-49c91f86cbaf.pdf,94.3,FALSE,FALSE,
Volvo,XC40,Volvo XC40,2023,PASSENGER_CAR,Porvoo,12/19/2025,3/9/2023,12/5/2025,12/18/2025,82,425,170,160,82000,29340,https://res.cloudinary.com/kamux/image/upload/v1765973533/prod_v2/6fcc5141-cd4c-495f-aee9-6909ad946777.pdf,95.4,FALSE,FALSE,
Nissan,Leaf,Nissan Leaf,2019,PASSENGER_CAR,Kotka,8/1/2019,8/1/2019,2/3/2026,8/3/2025,40,285,160,144,111000,10690,https://res.cloudinary.com/kamux/image/upload/v1770127299/prod_v2/5d8f91c0-5e2a-4a45-b6a5-511ce4e7fb0e.pdf,90.5,FALSE,FALSE,
Tesla,Model 3,Tesla Model 3,2022,PASSENGER_CAR,Seinäjoki,1/22/2026,9/1/2022,12/19/2025,1/20/2026,82,612,366,233,85000,29880,https://res.cloudinary.com/kamux/image/upload/v1770112698/prod_v2/966348d8-c8b7-42bf-b658-184e37402816.pdf,93.8,FALSE,FALSE,
Volkswagen,ID.3,Volkswagen ID.3,2021,PASSENGER_CAR,Kouvola,12/27/2021,12/26/2021,1/14/2026,12/16/2025,45,350,110,160,65000,16990,https://res.cloudinary.com/kamux/image/upload/v1768470649/prod_v2/5c8c9368-65b6-4600-a356-7c6c26adfb81.pdf,92.4,FALSE,FALSE,
Volkswagen,ID.4,Volkswagen ID.4,2022,PASSENGER_CAR,Jyväskylä,8/26/2024,12/21/2021,2/10/2026,10/16/2025,82,480,220,180,87000,31990,https://res.cloudinary.com/kamux/image/upload/v1760772197/prod_v2/38423f7a-87f5-43c7-9afa-774df319b09e.pdf,91,FALSE,FALSE,
Volkswagen,e-up!,Volkswagen e-up!,2015,PASSENGER_CAR,Raisio,6/29/2022,7/15/2015,10/10/2025,6/29/2025,20,160,60,130,139000,5790,https://res.cloudinary.com/kamux/image/upload/v1760095989/prod_v2/957d1864-dc6a-4592-84aa-fa871f73fc63.pdf,81.2,FALSE,FALSE,
BMW,iX,BMW iX,2023,PASSENGER_CAR,Tampere Lakalaiva,,12/27/2022,1/13/2026,1/23/2026,76.6,630,385,200,87000,54490,https://res.cloudinary.com/kamux/image/upload/v1769687086/prod_v2/120ae759-b4d1-410a-b49b-d618e4a10ac4.pdf,95.2,TRUE,FALSE,
Volkswagen,Up!,Volkswagen Up!,2020,PASSENGER_CAR,Iisalmi,11/1/2020,11/1/2020,12/30/2025,10/27/2024,36.8,260,61,130,65000,11490,https://res.cloudinary.com/kamux/image/upload/v1767082960/prod_v2/1b02018e-1ce0-46f8-9caf-af63318a4487.pdf,92.7,FALSE,FALSE,
Tesla,Model 3,Tesla Model 3,2021,PASSENGER_CAR,Kamux Verkkokauppa,,6/10/2021,12/8/2025,,77,560,324,233,47000,30900,https://res.cloudinary.com/kamux/image/upload/v1765546131/prod_v2/b58115ec-3c93-409d-b6bb-41465dd616fa.pdf,95.9,TRUE,FALSE,
Seat,Mii Electric,Seat Mii Electric,2020,PASSENGER_CAR,Lahti,8/30/2020,8/30/2020,12/31/2025,7/16/2025,37,260,61,130,88000,9990,https://res.cloudinary.com/kamux/image/upload/v1769675794/prod_v2/d33036ae-08c2-4a07-8f1b-019908ccf77a.pdf,92,FALSE,FALSE,
Hyundai,Ioniq 5,Hyundai Ioniq 5,2022,PASSENGER_CAR,Rovaniemi,5/5/2022,10/12/2021,12/22/2025,9/10/2025,73,500,224,185,68000,29380,https://res.cloudinary.com/kamux/image/upload/v1769944555/prod_v2/6e09907f-1f00-4a1d-a69a-d5548544c573.pdf,96.4,FALSE,FALSE,
Volkswagen,ID.4,Volkswagen ID.4,2022,PASSENGER_CAR,Iisalmi,12/30/2025,1/8/2023,11/25/2025,12/12/2025,82,470,220,180,70000,30880,https://res.cloudinary.com/kamux/image/upload/v1768915610/prod_v2/4eafead7-aa82-4ee5-bba5-c33c12872df2.pdf,94.4,FALSE,FALSE,
Volkswagen,ID.3,Volkswagen ID.3,2022,PASSENGER_CAR,Espoo Niittykumpu,1/12/2026,12/2/2021,11/27/2025,1/12/2026,62,420,150,160,87000,18390,https://res.cloudinary.com/kamux/image/upload/v1766391502/prod_v2/e6b5d3f8-1009-47b1-83c0-f5c1b567a06b.pdf,93.1,FALSE,FALSE,
Kia,EV6,Kia EV6,2023,PASSENGER_CAR,Espoo Koskelo,8/24/2023,8/24/2023,12/5/2025,,77,510,239,188,109000,31690,https://res.cloudinary.com/kamux/image/upload/v1764951067/prod_v2/49ae0f07-1b74-41ad-9b89-7505b5575f5d.pdf,95.2,FALSE,FALSE,
Skoda,Enyaq,Skoda Enyaq,2022,PASSENGER_CAR,Jyväskylä,10/31/2025,6/16/2022,10/7/2025,10/31/2025,82,500,150,160,139000,24490,https://res.cloudinary.com/kamux/image/upload/v1761900291/prod_v2/1f47ec1a-a60b-4f9c-9cb1-0afee4a3558e.pdf,91.9,FALSE,FALSE,
Peugeot,e-308,Peugeot e-308,2023,PASSENGER_CAR,Espoo Friisilä,9/28/2023,9/28/2023,1/26/2026,,54,412,115,170,13000,27590,https://res.cloudinary.com/kamux/image/upload/v1770031016/prod_v2/6efe4f89-c229-4266-bfd4-33076479f407.pdf,95.9,FALSE,FALSE,
Volkswagen,ID.3,Volkswagen ID.3,2022,PASSENGER_CAR,Espoo Friisilä,,12/28/2021,1/8/2026,,62,426,150,160,73000,20590,https://res.cloudinary.com/kamux/image/upload/v1768833669/prod_v2/1aaee5da-d9b8-4770-9eb1-d70013a3ce69.pdf,95.2,TRUE,FALSE,
BMW,i5 M60,BMW i5 M60,2024,PASSENGER_CAR,Espoo Friisilä,11/12/2024,11/12/2024,1/5/2026,11/13/2024,81.2,510,442,230,77000,63990,https://res.cloudinary.com/kamux/image/upload/v1768305811/prod_v2/77f311d8-66b7-4e45-836a-3946d395e623.pdf,94.8,FALSE,FALSE,
Audi,e-tron,Audi e-tron,2023,PASSENGER_CAR,Espoo Friisilä,12/29/2025,10/20/2022,12/12/2025,12/29/2025,95,440,300,200,90000,33980,https://res.cloudinary.com/kamux/image/upload/v1767172662/prod_v2/adb64fe3-731e-485c-bc22-820046b5074d.pdf,96.2,FALSE,FALSE,
BMW,i4 M50,BMW i4 M50,2023,PASSENGER_CAR,Espoo Friisilä,12/13/2022,12/13/2022,1/16/2026,12/14/2022,83.9,520,400,225,143000,41290,https://res.cloudinary.com/kamux/image/upload/v1769688023/prod_v2/d1a9c571-0849-490f-822b-ca38ad4f8a87.pdf,94.6,FALSE,FALSE,
Tesla,Model 3,Tesla Model 3,2019,PASSENGER_CAR,Espoo Friisilä,,4/17/2019,1/2/2026,1/20/2026,75,560,340,233,156000,19990,https://res.cloudinary.com/kamux/image/upload/v1769416291/prod_v2/bf51a460-f347-4a98-adda-ebb96674334e.pdf,87.4,TRUE,FALSE,
Mercedes-Benz,EQC,Mercedes-Benz EQC,2021,PASSENGER_CAR,Turku,7/25/2024,4/20/2021,1/30/2026,4/13/2025,80,472,300,180,114000,35880,https://res.cloudinary.com/kamux/image/upload/v1770028639/prod_v2/a3be2a19-86e8-4dcf-abcb-55173399233a.pdf,97.3,FALSE,FALSE,
Skoda,Enyaq,Skoda Enyaq,2022,PASSENGER_CAR,Joensuu,10/30/2025,8/2/2022,10/9/2025,10/29/2025,82,544,150,160,89000,27680,https://res.cloudinary.com/kamux/image/upload/v1763817035/prod_v2/254483c4-b4e0-4b2e-9d05-5e6ef064227d.pdf,95,FALSE,FALSE,
Tesla,Model S,Tesla Model S,2016,PASSENGER_CAR,Oulu Limingantulli,11/20/2023,11/25/2015,1/14/2026,10/22/2025,85.8,557,386,250,185000,21390,https://res.cloudinary.com/kamux/image/upload/v1768305405/prod_v2/391a6836-7c36-4f48-b079-3e2c67e0fc67.pdf,87.8,FALSE,FALSE,
Volvo,XC40,Volvo XC40,2023,PASSENGER_CAR,Espoo Niittykumpu,10/8/2025,2/8/2023,9/17/2025,10/8/2025,78,418,300,180,28000,33800,https://res.cloudinary.com/kamux/image/upload/v1760012830/prod_v2/f1e5cdf4-ed99-4965-a13e-22cb9727a1ca.pdf,98.4,FALSE,FALSE,
Nissan,Leaf,Nissan Leaf,2023,PASSENGER_CAR,Kokkola,2/19/2023,2/19/2023,12/22/2025,,62,385,160,157,47000,20890,https://res.cloudinary.com/kamux/image/upload/v1768337508/prod_v2/974e1f84-565b-4301-a1bc-ca88d52e39f4.pdf,94.2,FALSE,FALSE,
Audi,e-tron,Audi e-tron,2021,PASSENGER_CAR,Porvoo,10/29/2025,5/1/2022,10/9/2025,10/29/2025,95,369,300,200,34000,39490,https://res.cloudinary.com/kamux/image/upload/v1761829440/prod_v2/361726d5-a9f4-4858-931d-cf2add3c2012.pdf,95.9,FALSE,FALSE,
BMW,i3,BMW i3,2018,PASSENGER_CAR,Kamux Verkkokauppa,,2/18/2019,12/16/2025,,33.2,300,125,150,72000,15900,https://res.cloudinary.com/kamux/image/upload/v1765901088/prod_v2/f0cba390-b94e-4b8f-aac2-6d363756aa2f.pdf,90.1,TRUE,FALSE,
Nissan,Leaf,Nissan Leaf,2021,PASSENGER_CAR,Raisio,3/6/2025,6/23/2021,1/27/2026,2/5/2025,40,270,110,144,54000,13390,https://res.cloudinary.com/kamux/image/upload/v1769502187/prod_v2/91cd0ad2-d50b-43a0-964c-b85bbd4835e7.pdf,92.4,FALSE,FALSE,
Nissan,Leaf,Nissan Leaf,2021,PASSENGER_CAR,Kotka,4/29/2024,12/19/2021,11/22/2025,11/19/2025,40,285,110,144,51000,11990,https://res.cloudinary.com/kamux/image/upload/v1768306146/prod_v2/08708d28-fcab-4eb7-95d6-c02f77703e32.pdf,92,FALSE,FALSE,
Polestar,2,Polestar 2,2022,PASSENGER_CAR,Vantaa Varisto,1/21/2026,9/12/2022,10/28/2025,1/19/2026,69,474,170,160,70000,26470,https://res.cloudinary.com/kamux/image/upload/v1763110948/prod_v2/cf74b3ad-330a-47d9-a226-91bbea207375.pdf,95.4,FALSE,FALSE,
Polestar,2,Polestar 2,2024,PASSENGER_CAR,Vantaa Varisto,2/20/2025,9/19/2023,12/18/2025,,82,592,350,205,43000,45490,https://res.cloudinary.com/kamux/image/upload/v1768306055/prod_v2/b39a3ba1-13a8-42d0-a9fa-737ab81d34c2.pdf,98.6,FALSE,FALSE,
Kia,Niro,Kia Niro,2021,PASSENGER_CAR,Joensuu,11/25/2024,9/8/2021,12/30/2025,10/28/2024,64,450,150,167,80000,21890,https://res.cloudinary.com/kamux/image/upload/v1767089762/prod_v2/7ca7e164-caf2-4bd3-997f-40b02c46e848.pdf,96.4,FALSE,FALSE,
Mercedes-Benz,EQC,Mercedes-Benz EQC,2022,PASSENGER_CAR,Mikkeli,10/22/2023,9/6/2022,1/29/2026,,80,472,300,180,165000,28690,https://res.cloudinary.com/kamux/image/upload/v1770282783/prod_v2/1767695f-a597-49fe-a39a-4fc9da56affc.pdf,95.4,FALSE,FALSE,
Tesla,Model Y,Tesla Model Y,2024,PASSENGER_CAR,Helsinki Herttoniemi,,11/14/2023,10/29/2025,,79.5,480,336,250,32000,40880,https://res.cloudinary.com/kamux/image/upload/v1765882912/prod_v2/2ce816b5-3f00-4232-bfdb-ff6354030e6a.pdf,95.8,TRUE,FALSE,
Volkswagen,ID.4,Volkswagen ID.4,2020,PASSENGER_CAR,Jyväskylä,,12/21/2020,1/9/2026,1/28/2026,82,510,150,160,65000,26700,https://res.cloudinary.com/kamux/image/upload/v1769687645/prod_v2/2f7cb1d3-900b-4211-a0f3-5c437fd02675.pdf,92.6,TRUE,FALSE,
Volkswagen,ID.4,Volkswagen ID.4,2022,PASSENGER_CAR,Seinäjoki,12/9/2025,10/4/2021,11/17/2025,12/9/2025,82,510,150,160,40000,27300,https://res.cloudinary.com/kamux/image/upload/v1765270187/prod_v2/92d474bb-3a1b-48e2-8e07-460c757de72e.pdf,94.8,FALSE,FALSE,
Mercedes-Benz,EQA,Mercedes-Benz EQA,2021,PASSENGER_CAR,Seinäjoki,5/19/2021,5/19/2021,11/21/2025,5/18/2025,66.5,426,,160,146000,22900,https://res.cloudinary.com/kamux/image/upload/v1763653704/prod_v2/db51e189-39e6-4c40-82ec-9060f9be332e.pdf,94.2,FALSE,FALSE,
Skoda,Enyaq,Skoda Enyaq,2022,PASSENGER_CAR,Seinäjoki,1/20/2026,10/10/2021,12/10/2025,1/16/2026,82,527,150,160,105000,27690,https://res.cloudinary.com/kamux/image/upload/v1768306995/prod_v2/7f9afa01-f2e0-44a7-87a8-70b17ed29b15.pdf,92.9,FALSE,FALSE,
Opel,Combo-e,Opel Combo-e,2023,PASSENGER_CAR,Espoo Koskelo,3/23/2023,3/23/2023,8/7/2025,,50,250,,135,83000,18490,https://res.cloudinary.com/kamux/image/upload/v1769434140/prod_v2/c967fbf7-3157-4541-ae9c-4b1b433df0ee.pdf,95.8,FALSE,FALSE,
Polestar,2,Polestar 2,2022,PASSENGER_CAR,Tampere Lakalaiva,5/25/2025,12/1/2021,7/18/2025,5/25/2025,64,474,165,160,79000,25300,https://res.cloudinary.com/kamux/image/upload/v1753176434/prod_v2/6ef5d693-cac6-45e5-8c8f-3e46240ef544.pdf,97,FALSE,FALSE,
Skoda,Enyaq,Skoda Enyaq,2022,PASSENGER_CAR,Kouvola,12/17/2025,10/3/2021,12/3/2025,12/16/2025,82,505,150,160,59000,31170,https://res.cloudinary.com/kamux/image/upload/v1765975746/prod_v2/01400ccf-b999-4619-8768-78dcf35aa0b7.pdf,91.4,FALSE,FALSE,
Tesla,Model S,Tesla Model S,2019,PASSENGER_CAR,Raisio,,8/9/2019,12/22/2025,1/29/2026,100,450,310,,129000,34480,https://res.cloudinary.com/kamux/image/upload/v1770218028/prod_v2/e6a7f8ba-e8aa-42e8-9c81-08713371405c.pdf,87.8,TRUE,FALSE,
Volkswagen,ID.4,Volkswagen ID.4,2023,PASSENGER_CAR,Espoo Koskelo,6/8/2022,6/7/2022,1/9/2026,,82,524,128,160,102000,24380,https://res.cloudinary.com/kamux/image/upload/v1768305889/prod_v2/81aafd50-09bb-43c5-a324-c7dce79a27d0.pdf,93.8,FALSE,FALSE,
Skoda,Enyaq,Skoda Enyaq,2022,PASSENGER_CAR,Espoo Koskelo,,9/6/2021,12/5/2025,12/29/2025,82,510,150,160,121000,24680,https://res.cloudinary.com/kamux/image/upload/v1767017866/prod_v2/4a731172-4c52-4690-b348-e47b1f74b9ac.pdf,89.9,TRUE,FALSE,
Peugeot,e-208,Peugeot e-208,2020,PASSENGER_CAR,Espoo Koskelo,10/17/2022,1/30/2020,12/4/2025,10/6/2025,50,340,100,150,68000,13390,https://res.cloudinary.com/kamux/image/upload/v1769777811/prod_v2/0618aab7-14b4-4252-ae59-870e72443882.pdf,90.4,FALSE,FALSE,
Volkswagen,ID.5,Volkswagen ID.5,2023,PASSENGER_CAR,Helsinki Malmi,1/26/2026,7/31/2023,12/17/2025,1/23/2026,82,518,220,180,65000,34870,https://res.cloudinary.com/kamux/image/upload/v1766396876/prod_v2/5106482b-a02c-4991-b78e-b02a60bbaf67.pdf,94,FALSE,FALSE,
Skoda,Enyaq,Skoda Enyaq,2022,PASSENGER_CAR,Hyvinkää,10/5/2021,10/4/2021,1/7/2026,10/2/2025,62,410,132,160,89000,24980,https://res.cloudinary.com/kamux/image/upload/v1767948499/prod_v2/132f1b5f-4a3e-49be-90c0-4883283e7226.pdf,93.8,FALSE,FALSE,
Ford,Mustang Mach-E,Ford Mustang Mach-E,2021,PASSENGER_CAR,Espoo Niittykumpu,9/23/2022,12/13/2021,9/29/2025,12/18/2025,75.7,440,190,180,74000,25390,https://res.cloudinary.com/kamux/image/upload/v1762417189/prod_v2/504fe024-254a-4f2f-9a22-7085aba26f80.pdf,93.6,FALSE,FALSE,
Tesla,Model 3,Tesla Model 3,2020,PASSENGER_CAR,Espoo Niittykumpu,1/20/2026,12/21/2019,1/2/2026,1/20/2026,75,530,377,261,116000,24900,https://res.cloudinary.com/kamux/image/upload/v1769426209/prod_v2/d66437b5-e320-4df5-8a58-053f2d1f65d9.pdf,83.8,TRUE,FALSE,
Volkswagen,ID.3,Volkswagen ID.3,2023,PASSENGER_CAR,Helsinki Malmi,11/26/2025,12/22/2022,11/3/2025,11/26/2025,62,420,150,160,58000,21270,https://res.cloudinary.com/kamux/image/upload/v1764144121/prod_v2/dc5e76f0-8064-4f3b-aff7-d909e8ad8cf5.pdf,95.5,FALSE,FALSE,
Ford,Mustang Mach-E,Ford Mustang Mach-E,2022,PASSENGER_CAR,Oulu Limingantulli,6/7/2022,6/6/2022,1/12/2026,,75,420,198,180,71000,28900,https://res.cloudinary.com/kamux/image/upload/v1770212292/prod_v2/503397e4-ef28-4587-b11f-9152be98000f.pdf,94.3,FALSE,FALSE,
BMW,i4 M50,BMW i4 M50,2022,PASSENGER_CAR,Espoo Niittykumpu,6/26/2025,9/6/2022,1/17/2026,6/26/2025,83,520,400,225,75000,42680,https://res.cloudinary.com/kamux/image/upload/v1768990703/prod_v2/9512685a-442f-44d3-921e-0a6d36522f48.pdf,93,FALSE,FALSE,
Mercedes-Benz,EQA,Mercedes-Benz EQA,2022,PASSENGER_CAR,Espoo Koskelo,7/29/2025,3/13/2022,9/24/2025,7/29/2025,66.5,438,168,160,94000,30690,https://res.cloudinary.com/kamux/image/upload/v1768305651/prod_v2/a39a7a14-6b81-4af6-b951-f030292de0ed.pdf,95.9,FALSE,FALSE,
BMW,i4,BMW i4,2023,PASSENGER_CAR,Espoo Koskelo,1/19/2026,11/22/2022,12/19/2025,1/19/2026,83.9,590,250,190,48000,36870,https://res.cloudinary.com/kamux/image/upload/v1768306668/prod_v2/719d5c74-da8c-4897-865c-4c1be3dc4065.pdf,96.9,FALSE,FALSE,
Dacia,Spring,Dacia Spring,2021,PASSENGER_CAR,Lappeenranta,9/6/2022,11/9/2021,12/4/2025,11/12/2025,27,225,40,125,43000,8780,https://res.cloudinary.com/kamux/image/upload/v1764849647/prod_v2/f0091ede-1842-428f-a012-e8d46e51c405.pdf,92,FALSE,FALSE,
Volvo,XC40,Volvo XC40,2023,PASSENGER_CAR,Helsinki Herttoniemi,10/10/2022,10/10/2022,11/19/2025,,78,438,300,180,105000,30390,https://res.cloudinary.com/kamux/image/upload/v1768307129/prod_v2/2a316fac-e921-4e84-a4f1-2ff7c4c7636b.pdf,96.1,FALSE,FALSE,
Renault,Zoe,Renault Zoe,2020,PASSENGER_CAR,Raisio,9/26/2021,6/2/2020,1/13/2026,7/21/2025,44.1,286,65,135,56000,11470,https://res.cloudinary.com/kamux/image/upload/v1768337329/prod_v2/72a29fa1-8aa5-4d4d-8bfa-d089feded5fd.pdf,92.3,FALSE,FALSE,
Volkswagen,ID.4,Volkswagen ID.4,2022,PASSENGER_CAR,Kokkola,8/14/2023,12/13/2021,1/16/2026,12/10/2025,82,480,220,180,53000,33480,https://res.cloudinary.com/kamux/image/upload/v1768912631/prod_v2/45c45e0b-20db-417d-ab0d-85a7c3e5c1e0.pdf,92.3,FALSE,FALSE,
Volkswagen,ID.3,Volkswagen ID.3,2022,PASSENGER_CAR,Rauma,1/28/2026,8/23/2022,1/12/2026,1/27/2026,58,420,107,160,15000,22900,https://res.cloudinary.com/kamux/image/upload/v1769601098/prod_v2/fd6ee3e0-7af2-4c5c-aae6-f729cd50f7b8.pdf,96.8,FALSE,FALSE,
BMW,i3,BMW i3,2018,PASSENGER_CAR,Espoo Koskelo,7/19/2021,7/9/2018,1/27/2026,7/14/2025,33.2,200,,150,105000,12290,https://res.cloudinary.com/kamux/image/upload/v1769507598/prod_v2/87cee326-8182-4548-a126-2e7c1dff959c.pdf,88.4,FALSE,FALSE,
Skoda,Enyaq,Skoda Enyaq,2022,PASSENGER_CAR,Lohja,,8/19/2022,12/17/2025,2/4/2026,82,544,150,160,93000,28830,https://res.cloudinary.com/kamux/image/upload/v1768310160/prod_v2/f0fe4c25-d553-4fbb-86cd-e79815266c99.pdf,94.3,TRUE,FALSE,
Volkswagen,ID.4,Volkswagen ID.4,2022,PASSENGER_CAR,Tampere Lakalaiva,2/19/2025,11/11/2021,1/30/2026,2/18/2025,77,484,220,180,70000,31890,https://res.cloudinary.com/kamux/image/upload/v1770106928/prod_v2/07897ec8-48c1-42e4-85ef-b318f8a83cfb.pdf,92,FALSE,FALSE,
Polestar,2,Polestar 2,2022,PASSENGER_CAR,Järvenpää,,9/11/2022,12/18/2025,,78,482,300,205,104000,29990,https://res.cloudinary.com/kamux/image/upload/v1768306773/prod_v2/f040338c-896f-40de-85cd-454d3bfd36ab.pdf,92.9,TRUE,FALSE,
Volkswagen,ID.4,Volkswagen ID.4,2021,PASSENGER_CAR,Seinäjoki,11/28/2021,11/28/2021,1/28/2026,11/19/2025,82,484,220,180,136000,25900,https://res.cloudinary.com/kamux/image/upload/v1770123794/prod_v2/8425e2f8-7ac6-4582-85ad-c739c7f36b7f.pdf,91.7,FALSE,FALSE,
Volkswagen,ID.4,Volkswagen ID.4,2022,PASSENGER_CAR,Joensuu,11/19/2025,2/16/2022,10/21/2025,11/19/2025,82,510,150,160,87000,24390,https://res.cloudinary.com/kamux/image/upload/v1763549416/prod_v2/2a3b3fbb-2f08-426b-bcd6-18958c266248.pdf,94.9,FALSE,FALSE,
Volkswagen,ID.4,Volkswagen ID.4,2021,PASSENGER_CAR,Hämeenlinna,,8/31/2021,12/12/2025,1/15/2026,55,340,125,160,66000,24400,https://res.cloudinary.com/kamux/image/upload/v1768469879/prod_v2/4b1cbc32-0292-421f-b2a0-95b7eedbe4de.pdf,89.8,TRUE,FALSE,
BMW,iX1,BMW iX1,2023,PASSENGER_CAR,Kamux Verkkokauppa,,6/25/2023,12/2/2025,,64.7,440,225,180,134000,33900,https://res.cloudinary.com/kamux/image/upload/v1764598150/prod_v2/c9257c88-d63c-49b0-aa41-258d524cdbb9.pdf,96.2,TRUE,FALSE,
Volvo,XC40,Volvo XC40,2022,PASSENGER_CAR,Espoo Friisilä,12/18/2025,4/18/2022,12/3/2025,12/16/2025,70,400,170,160,66000,30990,https://res.cloudinary.com/kamux/image/upload/v1765804877/prod_v2/380237ee-af65-4c42-96ab-2a628a021ebf.pdf,94.4,FALSE,FALSE,
MG,Marvel R,MG Marvel R,2022,PASSENGER_CAR,Jyväskylä,11/7/2023,11/16/2022,1/31/2026,,70,370,,20,50000,25380,https://res.cloudinary.com/kamux/image/upload/v1769790170/prod_v2/09fb4d82-4213-4943-be39-27d6d0bfb436.pdf,94.5,FALSE,FALSE,
Audi,e-tron,Audi e-tron,2020,PASSENGER_CAR,Espoo Niittykumpu,9/9/2022,8/2/2020,1/20/2026,9/5/2024,71,341,230,190,58000,26780,https://res.cloudinary.com/kamux/image/upload/v1768987784/prod_v2/46eeac68-e74f-46de-8042-df1d311890d6.pdf,94.8,FALSE,FALSE,
Audi,Q4 e-tron,Audi Q4 e-tron,2022,PASSENGER_CAR,Espoo Niittykumpu,11/13/2025,12/27/2021,1/27/2026,11/13/2025,82,488,220,180,56000,37480,https://res.cloudinary.com/kamux/image/upload/v1769681774/prod_v2/6ea0313f-e284-44b7-83c6-427fcaeb559b.pdf,94,FALSE,FALSE,
Audi,Q8 e-tron,Audi Q8 e-tron,2024,PASSENGER_CAR,Espoo Niittykumpu,11/25/2025,3/15/2023,11/12/2025,11/24/2025,95,491,250,200,58000,45400,https://res.cloudinary.com/kamux/image/upload/v1768306006/prod_v2/aa7e60cd-cfa8-44d4-8ab2-640c9cc050a9.pdf,96.9,FALSE,FALSE,
Tesla,Model 3,Tesla Model 3,2021,PASSENGER_CAR,Rauma,12/1/2022,9/24/2021,1/30/2026,1/27/2026,55,430,239,225,86000,22790,https://res.cloudinary.com/kamux/image/upload/v1769771225/prod_v2/6b2977f8-8e7a-4b39-ae7c-e3669ea6761e.pdf,93.4,FALSE,FALSE,
Mercedes-Benz,EQB,Mercedes-Benz EQB,2023,PASSENGER_CAR,Raisio,1/1/2025,2/9/2023,11/20/2025,6/29/2025,66.5,444,168,160,92000,29290,https://res.cloudinary.com/kamux/image/upload/v1763646986/prod_v2/2c72ace4-50b4-4589-b83c-55d8014b2b47.pdf,97,FALSE,FALSE,
Tesla,Model Y,Tesla Model Y,2022,PASSENGER_CAR,Vantaa Varisto,11/29/2022,11/28/2022,1/28/2026,,79,533,378,217,144000,28800,https://res.cloudinary.com/kamux/image/upload/v1769614214/prod_v2/efd6a9a0-2a9b-422c-bd91-2b6f16f94ff4.pdf,90.4,FALSE,FALSE,
Skoda,Enyaq,Skoda Enyaq,2022,PASSENGER_CAR,Vantaa Varisto,6/23/2025,8/8/2022,1/12/2026,5/20/2025,82,520,220,180,100000,34470,https://res.cloudinary.com/kamux/image/upload/v1768382820/prod_v2/2d62f77a-7938-497a-aca5-639e52480d08.pdf,89.7,FALSE,FALSE,
Renault,Zoe,Renault Zoe,2020,PASSENGER_CAR,Seinäjoki,10/25/2022,7/9/2020,1/23/2026,1/19/2026,44,403,65,135,115000,10350,https://res.cloudinary.com/kamux/image/upload/v1769175965/prod_v2/040184e3-de51-4cb9-b277-c7721555c69e.pdf,89.3,FALSE,FALSE,
Tesla,Model 3,Tesla Model 3,2019,PASSENGER_CAR,Espoo Koskelo,6/12/2023,9/2/2019,10/31/2025,4/16/2025,55,415,211,225,90000,20650,https://res.cloudinary.com/kamux/image/upload/v1768306355/prod_v2/2edd5249-c7d3-49a5-9ca0-ab47e3c5380b.pdf,91,FALSE,FALSE,
Tesla,Model S,Tesla Model S,2020,PASSENGER_CAR,Porvoo,,4/2/2020,12/9/2025,,100,590,585,250,48000,45790,https://res.cloudinary.com/kamux/image/upload/v1766391306/prod_v2/19b55d70-4f25-4bee-83fa-c65e5952784d.pdf,90.6,TRUE,FALSE,
Hyundai,Kona,Hyundai Kona,2019,PASSENGER_CAR,Vantaa Varisto,,7/23/2019,12/31/2025,,67,449,150,167,130000,16770,https://res.cloudinary.com/kamux/image/upload/v1768924703/prod_v2/e5e63709-953c-4880-81ca-fb1d93d2b0c4.pdf,93,TRUE,FALSE,
Hyundai,Ioniq 5,Hyundai Ioniq 5,2022,PASSENGER_CAR,Espoo Koskelo,7/31/2025,3/31/2022,7/3/2025,7/29/2025,73,460,225,185,26000,30490,https://res.cloudinary.com/kamux/image/upload/v1768305735/prod_v2/bb129b17-40a4-4612-9bed-66c65bca8160.pdf,98.8,FALSE,FALSE,
Skoda,Enyaq,Skoda Enyaq,2021,PASSENGER_CAR,Kotka,,6/21/2021,12/3/2025,12/17/2025,82,510,150,160,161000,22590,https://res.cloudinary.com/kamux/image/upload/v1768306257/prod_v2/6c874900-bb59-4798-a701-58ea83d09c43.pdf,88.5,TRUE,FALSE,
Mercedes-Benz,EQE SUV,Mercedes-Benz EQE SUV,2023,PASSENGER_CAR,Raisio,10/2/2025,6/29/2023,1/27/2026,,96,590,,210,23000,57990,https://res.cloudinary.com/kamux/image/upload/v1769516861/prod_v2/973839ee-6488-4ea8-a0d4-4352c77bf2ff.pdf,100.2,FALSE,FALSE,
Skoda,Enyaq,Skoda Enyaq,2022,PASSENGER_CAR,Iisalmi,12/8/2025,9/30/2021,10/16/2025,11/28/2025,82,500,150,160,50000,31380,https://res.cloudinary.com/kamux/image/upload/v1768558074/prod_v2/325bc810-669e-4e20-b6d8-8a8f3c0a5aaf.pdf,94.1,FALSE,FALSE,
Peugeot,e-2008,Peugeot e-2008,2020,PASSENGER_CAR,Järvenpää,,11/27/2020,12/5/2025,,51,320,100,150,56000,16190,https://res.cloudinary.com/kamux/image/upload/v1769003907/prod_v2/db6450a7-5618-452f-9235-86b9cec8cd94.pdf,92.5,TRUE,FALSE,
Volkswagen,ID.4,Volkswagen ID.4,2021,PASSENGER_CAR,Järvenpää,,4/21/2021,8/21/2025,9/12/2025,82,522,150,160,108000,24290,https://res.cloudinary.com/kamux/image/upload/v1767348146/prod_v2/17bc1bed-5922-4c3c-a6e7-7e7b65c66f43.pdf,88.8,TRUE,FALSE,
Volkswagen,ID.5,Volkswagen ID.5,2022,PASSENGER_CAR,Iisalmi,1/7/2026,9/11/2022,12/10/2025,12/29/2025,82,512,220,180,111000,27780,https://res.cloudinary.com/kamux/image/upload/v1767078254/prod_v2/7af112db-728f-4ff4-9f91-4a4b8a064e28.pdf,90.7,FALSE,FALSE,
Opel,Corsa-e,Opel Corsa-e,2021,PASSENGER_CAR,Iisalmi,3/15/2023,8/2/2021,9/18/2025,8/4/2025,50,337,100,150,66000,13890,https://res.cloudinary.com/kamux/image/upload/v1762162913/prod_v2/449abdb0-7241-49a6-8f6a-c0fc348a441e.pdf,97.7,FALSE,FALSE,
Polestar,2,Polestar 2,2023,PASSENGER_CAR,Lahti,,10/16/2022,11/21/2025,1/12/2026,78,542,170,160,78000,25700,https://res.cloudinary.com/kamux/image/upload/v1769163676/prod_v2/c4b395b9-dcb5-45e6-808a-b143c99d13b0.pdf,94.7,TRUE,FALSE,
Hyundai,Kona Electric,Hyundai Kona Electric,2019,PASSENGER_CAR,Hyvinkää,6/14/2022,4/24/2019,12/11/2025,10/31/2024,64,449,150,167,125000,15890,https://res.cloudinary.com/kamux/image/upload/v1765801911/prod_v2/e6b46be3-0ffe-41c9-8eda-470ddac0c742.pdf,85.6,FALSE,FALSE,
Volkswagen,ID.3,Volkswagen ID.3,2021,PASSENGER_CAR,Hämeenlinna,,9/1/2021,12/2/2025,12/29/2025,62,425,150,160,48000,19890,https://res.cloudinary.com/kamux/image/upload/v1767016572/prod_v2/e305be09-73fa-4cb6-9d02-9afda4baa518.pdf,93.3,TRUE,FALSE,
Kia,Niro EV,Kia Niro EV,2023,PASSENGER_CAR,Kamux Verkkokauppa,,9/20/2022,10/17/2025,,64,460,160,165,59000,26900,https://res.cloudinary.com/kamux/image/upload/v1767955384/prod_v2/35ad0db9-4eef-4b61-8ae9-51c15b2f888e.pdf,97.7,TRUE,FALSE,
Volvo,C40,Volvo C40,2023,PASSENGER_CAR,Helsinki Malmi,1/15/2026,10/20/2022,12/9/2025,1/13/2026,69,406,170,160,90000,28480,https://res.cloudinary.com/kamux/image/upload/v1766406873/prod_v2/de919f0e-61d3-4379-83f0-923e4fa633b7.pdf,93.9,FALSE,FALSE,
Hyundai,Ioniq 5,Hyundai Ioniq 5,2024,PASSENGER_CAR,Lohja,1/12/2026,11/19/2023,12/17/2025,1/12/2026,77,481,173,185,49000,39900,https://res.cloudinary.com/kamux/image/upload/v1767433181/prod_v2/ca9aa50c-58dd-49e9-bc1f-8e4fd771aaa3.pdf,97.7,FALSE,FALSE,
Skoda,Enyaq,Skoda Enyaq,2022,PASSENGER_CAR,Porvoo,,8/26/2021,10/20/2025,11/13/2025,82,510,150,160,119000,24660,https://res.cloudinary.com/kamux/image/upload/v1763982406/prod_v2/09269753-0136-425d-a6ab-1d85d0517e24.pdf,90.3,TRUE,FALSE,
Hyundai,Ioniq 5,Hyundai Ioniq 5,2022,PASSENGER_CAR,Helsinki Malmi,11/6/2025,6/26/2022,8/28/2025,10/10/2025,73,460,224,185,54000,28480,https://res.cloudinary.com/kamux/image/upload/v1763643118/prod_v2/66674512-9ede-4045-8298-526eba446807.pdf,97.9,FALSE,FALSE,
Volkswagen,ID.4,Volkswagen ID.4,2021,PASSENGER_CAR,Kamux Verkkokauppa,,8/26/2021,12/18/2025,,82,522,150,160,85000,25490,https://res.cloudinary.com/kamux/image/upload/v1769516270/prod_v2/25b7808d-b602-4d90-a2eb-22feba07516a.pdf,91.9,TRUE,FALSE,
Nissan,Leaf,Nissan Leaf,2020,PASSENGER_CAR,Lahti,2/26/2020,2/25/2020,11/14/2025,4/2/2024,40,270,110,144,94000,11990,https://res.cloudinary.com/kamux/image/upload/v1763481419/prod_v2/6765e89b-4503-4750-aa4c-3f2947d969d2.pdf,87.7,FALSE,FALSE,
Tesla,Model 3,Tesla Model 3,2019,PASSENGER_CAR,Kaarina,3/13/2022,4/28/2019,1/26/2026,1/7/2026,79.5,560,340,233,160000,19700,https://res.cloudinary.com/kamux/image/upload/v1769427518/prod_v2/6900b8a4-44dc-4964-951a-c9e9bb620b04.pdf,86.2,FALSE,FALSE,
Peugeot,e-2008,Peugeot e-2008,2020,PASSENGER_CAR,Kotka,,8/23/2020,12/23/2025,3/13/2025,50,336,100,150,103000,13790,https://res.cloudinary.com/kamux/image/upload/v1766489914/prod_v2/4d916da2-1852-46bb-8813-47b314872402.pdf,91.3,FALSE,FALSE,
Audi,e-tron,Audi e-tron,2021,PASSENGER_CAR,Salo,,6/8/2021,10/21/2025,11/19/2025,71,287,230,190,106000,26590,https://res.cloudinary.com/kamux/image/upload/v1763546102/prod_v2/c5663a25-89d2-46ce-ad5d-c8014f453319.pdf,96.6,TRUE,FALSE,
Skoda,Enyaq,Skoda Enyaq,2023,PASSENGER_CAR,Tampere Lakalaiva,1/23/2023,1/23/2023,1/9/2026,,62,390,,160,102000,23400,https://res.cloudinary.com/kamux/image/upload/v1768211418/prod_v2/d60faad6-4acd-4bd7-96b9-1f68263ae7a9.pdf,94,FALSE,FALSE,
Volkswagen,ID.3,Volkswagen ID.3,2022,PASSENGER_CAR,Salo,11/27/2025,5/23/2022,9/23/2025,11/26/2025,82,549,150,160,67000,24900,https://res.cloudinary.com/kamux/image/upload/v1766045602/prod_v2/d420768f-15e0-4d65-a6a5-4ce55eb4248e.pdf,93.3,FALSE,FALSE,
Opel,Corsa-e,Opel Corsa-e,2020,PASSENGER_CAR,Mikkeli,9/2/2020,9/2/2020,11/7/2025,8/13/2024,50,330,100,150,60000,13400,https://res.cloudinary.com/kamux/image/upload/v1762521368/prod_v2/d04e690c-da6c-45e4-8c96-87b9bdd4fa48.pdf,89.6,FALSE,FALSE,
Mercedes-Benz,EQE SUV,Mercedes-Benz EQE SUV,2024,PASSENGER_CAR,Espoo Friisilä,12/22/2025,4/10/2024,9/19/2025,12/3/2025,91,565,180,210,26000,52790,https://res.cloudinary.com/kamux/image/upload/v1767861398/prod_v2/654d6025-8107-48a3-8fe9-b996376fc1f2.pdf,101.2,FALSE,FALSE,
Tesla,Model 3,Tesla Model 3,2021,PASSENGER_CAR,Kuopio,8/15/2022,5/31/2021,1/15/2026,1/12/2026,75,547,340,261,203000,20990,https://res.cloudinary.com/kamux/image/upload/v1768470648/prod_v2/c28d5e77-1e0f-4f4a-b33b-96de8a2c248e.pdf,89.3,FALSE,FALSE,
Opel,Mokka-e,Opel Mokka-e,2022,PASSENGER_CAR,Kamux Verkkokauppa,,11/30/2022,12/22/2025,,50,338,100,150,55000,17790,https://res.cloudinary.com/kamux/image/upload/v1768570879/prod_v2/fc762268-0f43-4384-b3c5-02511f6b2c7b.pdf,98,TRUE,FALSE,
Tesla,Model 3,Tesla Model 3,2019,PASSENGER_CAR,Kokkola,5/9/2025,12/10/2019,1/20/2026,5/9/2025,75,602,340,233,139000,23390,https://res.cloudinary.com/kamux/image/upload/v1768492068/prod_v2/3f5c62b0-9352-42ad-b54b-b01572323691.pdf,90.9,FALSE,FALSE,
Volkswagen,Up!,Volkswagen Up!,2020,PASSENGER_CAR,Porvoo,7/27/2020,7/2/2020,12/16/2025,6/26/2024,36.8,260,61,130,92000,9990,https://res.cloudinary.com/kamux/image/upload/v1768305777/prod_v2/564cd216-da44-44a8-a4b8-651a25d5f1b1.pdf,93.6,FALSE,FALSE,
Renault,Zoe,Renault Zoe,2017,PASSENGER_CAR,Oulunportti,2/10/2021,6/27/2017,12/11/2025,7/25/2024,41,370,43,135,103000,8980,https://res.cloudinary.com/kamux/image/upload/v1768579041/prod_v2/6a1292fa-81e6-4217-bf1e-5e2b496a7c02.pdf,89.9,FALSE,FALSE,
Polestar,2,Polestar 2,2023,PASSENGER_CAR,Salo,12/9/2025,10/16/2022,11/21/2025,12/8/2025,78,542,170,160,72000,26680,https://res.cloudinary.com/kamux/image/upload/v1765186536/prod_v2/67906627-a7a1-414e-9050-1c9b7450460a.pdf,94.8,FALSE,FALSE,
Renault,Zoe,Renault Zoe,2018,PASSENGER_CAR,Mikkeli,8/30/2021,12/18/2018,1/14/2026,3/12/2025,44.1,386,51,135,66000,11800,https://res.cloudinary.com/kamux/image/upload/v1768474516/prod_v2/ccd80e0c-a2ab-4aac-b36c-58551d7cc5be.pdf,90.1,FALSE,FALSE,
Tesla,Model Y,Tesla Model Y,2022,PASSENGER_CAR,Järvenpää,12/4/2025,6/18/2022,10/17/2025,12/2/2025,80,507,393,250,117000,33480,https://res.cloudinary.com/kamux/image/upload/v1769003711/prod_v2/f17da344-2394-4a59-8657-08ce5c3e6cfc.pdf,91.2,FALSE,FALSE,
Polestar,2,Polestar 2,2022,PASSENGER_CAR,Kaarina,1/28/2025,2/9/2022,10/29/2025,11/18/2025,64,474,170,160,117000,23590,https://res.cloudinary.com/kamux/image/upload/v1762332538/prod_v2/12c6c3ae-1ad5-4979-810b-d82da7bce551.pdf,91.8,FALSE,FALSE,
Hyundai,Kona Electric,Hyundai Kona Electric,2019,PASSENGER_CAR,Kuopio,1/27/2022,11/20/2018,10/14/2025,12/10/2025,64,449,150,167,162000,13870,https://res.cloudinary.com/kamux/image/upload/v1760527803/prod_v2/722e7e03-b2cc-4ee6-8502-ba93f5a7a351.pdf,86.7,FALSE,FALSE,
Jaguar,I-Pace,Jaguar I-Pace,2019,PASSENGER_CAR,Tuusula,3/7/2023,12/26/2018,4/3/2025,3/6/2025,90,480,294,193,145000,19890,https://res.cloudinary.com/kamux/image/upload/v1768302965/prod_v2/afc4f57a-8a4d-412d-91ab-6021c0d1d7ac.pdf,89.2,FALSE,FALSE,
MG,MG4,MG MG4,2023,PASSENGER_CAR,Turku,,10/30/2023,1/20/2026,,51,350,125,160,15000,18280,https://res.cloudinary.com/kamux/image/upload/v1770640024/prod_v2/e92c2728-3d67-448d-ba20-140e11ee4674.pdf,94.4,TRUE,FALSE,
MG,MG4,MG MG4,2023,PASSENGER_CAR,Porvoo,,8/30/2023,1/20/2026,,51,350,125,160,25000,17900,https://res.cloudinary.com/kamux/image/upload/v1770638712/prod_v2/1c562eff-29b2-41dd-b1c2-4ae60bd93db4.pdf,94.2,TRUE,FALSE,
Volkswagen,ID.3,Volkswagen ID.3,2020,PASSENGER_CAR,Espoo Koskelo,7/26/2022,12/21/2020,1/30/2026,12/16/2024,58,420,150,160,78000,19590,https://res.cloudinary.com/kamux/image/upload/v1763810665/prod_v2/92b9e91a-695c-4d40-a2ba-6b341b4fdeef.pdf,92.7,FALSE,FALSE,
