manufacturer,model,manufacturer_and_model,model_year,vehicle_type,outlet,first_registration_date,first_usage_date,purchase_date,last_inspection_date,battery_capacity_kWh,electric_range_km_reported,power_kW,top_speed_kmh,mileage_km,price_eur,battery_test_pdf_url,is_imported,is_utility_vehicle
Kia,EV6,Kia EV6,2022,PASSENGER_CAR,Lahti,2025-10-24T00:00:00Z,2022-08-23T21:00:00Z,2025-09-29T00:00:00Z,2025-10-23T00:00:00Z,77.0,460,239.0,188.0,23000,38290,https://res.cloudinary.com/kamux/image/upload/v1768306471/prod_v2/95857bd7-7ba6-46a5-b7b3-1b41af40b893.pdf,False,False
Skoda,Enyaq,Skoda Enyaq,2022,PASSENGER_CAR,Vantaa Airport,2022-04-29T00:00:00Z,2022-04-28T21:00:00Z,2026-01-07T00:00:00Z,2026-02-04T00:00:00Z,82.0,499,195.0,160.0,151000,28680,https://res.cloudinary.com/kamux/image/upload/v1767790201/prod_v2/4430fa9d-4c8b-46f6-861a-8ae1c68a18a0.pdf,False,False
Citroen,C4,Citroen C4,2022,PASSENGER_CAR,Espoo Niittykumpu,2023-12-15T00:00:00Z,2022-06-28T21:00:00Z,2025-09-26T00:00:00Z,2025-10-03T00:00:00Z,50.0,360,100.0,150.0,35000,17390,https://res.cloudinary.com/kamux/image/upload/v1768915234/prod_v2/9ef04d29-54e9-4c68-b8f1-56cbb34e328d.pdf,False,False
Kia,EV9,Kia EV9,2024,PASSENGER_CAR,Tampere Lakalaiva,,2024-08-30T00:00:00Z,2026-01-26T00:00:00Z,,99.8,505,283.0,200.0,38000,66900,https://res.cloudinary.com/kamux/image/upload/v1770717679/prod_v2/ed1da462-b16f-4147-863d-0784e3f6730b.pdf,True,False
Mercedes-Benz,EQV,Mercedes-Benz EQV,2022,PASSENGER_CAR,Espoo Friisilä,,2022-05-15T21:00:00Z,2026-01-23T00:00:00Z,,100.0,418,150.0,160.0,87000,43790,https://res.cloudinary.com/kamux/image/upload/v1769589592/prod_v2/1743ae0a-8f25-43d7-8871-082df4a27d8a.pdf,True,False
Volkswagen,ID.4,Volkswagen ID.4,2022,PASSENGER_CAR,Tuusula,2025-10-12T21:00:00Z,2022-07-14T21:00:00Z,2026-02-09T00:00:00Z,2025-10-09T21:00:00Z,82.0,540,220.0,180.0,104000,28900,https://res.cloudinary.com/kamux/image/upload/v1770716005/prod_v2/4efd4d8f-51a8-4673-855e-1361031cce9d.pdf,False,False
Hyundai,Ioniq Electric,Hyundai Ioniq Electric,2018,PASSENGER_CAR,Vaasa,2021-08-30T21:00:00Z,2018-06-05T21:00:00Z,2026-01-29T00:00:00Z,2024-05-26T21:00:00Z,30.5,280,88.0,165.0,103000,13690,https://res.cloudinary.com/kamux/image/upload/v1769693958/prod_v2/68e8b6f9-01c0-48c6-89ef-f2480a07b4f0.pdf,False,False
Volkswagen,ID.3,Volkswagen ID.3,2021,PASSENGER_CAR,Forssa,2021-04-08T21:00:00Z,2021-04-08T21:00:00Z,2026-01-30T00:00:00Z,2025-03-16T22:00:00Z,62.0,420,107.0,160.0,62000,20390,https://res.cloudinary.com/kamux/image/upload/v1769792630/prod_v2/c9519c85-e208-4c90-b865-ca0b6961f2a4.pdf,False,False
Mercedes-Benz,EQC,Mercedes-Benz EQC,2022,PASSENGER_CAR,Tampere Lakalaiva,2025-08-04T21:00:00Z,2022-02-20T22:00:00Z,2026-01-30T00:00:00Z,2025-08-04T21:00:00Z,80.0,472,300.0,180.0,39000,38990,https://res.cloudinary.com/kamux/image/upload/v1770643695/prod_v2/f1d61b0e-b591-4c3b-928f-d20f2810698f.pdf,False,False
Porsche,Macan,Porsche Macan,2024,PASSENGER_CAR,Espoo Friisilä,2025-09-29T00:00:00Z,2024-09-29T21:00:00Z,2025-10-16T00:00:00Z,2025-09-29T00:00:00Z,100.0,613,300.0,220.0,8000,85780,https://res.cloudinary.com/kamux/image/upload/v1765191451/prod_v2/c8f20019-2ac7-4812-85ec-7973772fedfe.pdf,False,False
Volkswagen,ID.4,Volkswagen ID.4,2022,PASSENGER_CAR,Pori,2026-01-15T00:00:00Z,2021-10-25T21:00:00Z,2025-12-17T00:00:00Z,2026-01-15T00:00:00Z,82.0,517,150.0,160.0,58000,28870,https://res.cloudinary.com/kamux/image/upload/v1769691349/prod_v2/8cc64baa-6d25-4295-a3ca-b0320e022f43.pdf,False,False
Volkswagen,ID.3,Volkswagen ID.3,2021,PASSENGER_CAR,Kokkola,2020-12-29T22:00:00Z,2020-12-29T22:00:00Z,2026-02-03T00:00:00Z,2024-12-10T22:00:00Z,62.0,413,150.0,160.0,46000,20760,https://res.cloudinary.com/kamux/image/upload/v1770131919/prod_v2/aebe750b-6ce4-400e-b76f-4da69ccbaf24.pdf,False,False
Volkswagen,ID.5,Volkswagen ID.5,2025,PASSENGER_CAR,Vantaa Airport,2026-01-27T00:00:00Z,2025-04-08T21:00:00Z,2026-01-09T00:00:00Z,2026-01-27T00:00:00Z,79.0,510,250.0,180.0,15000,45790,https://res.cloudinary.com/kamux/image/upload/v1769528091/prod_v2/250c91af-3445-48de-9c87-79ec223129ad.pdf,False,False
Mini,Cooper,Mini Cooper,2022,PASSENGER_CAR,Vantaa Varisto,2022-11-21T00:00:00Z,2022-04-25T21:00:00Z,2026-02-04T00:00:00Z,2022-11-21T00:00:00Z,32.6,237,135.0,150.0,27000,20400,https://res.cloudinary.com/kamux/image/upload/v1770203999/prod_v2/36650a4e-8ded-4b4a-a89b-0836d6ff568a.pdf,False,False
Peugeot,e-208,Peugeot e-208,2020,PASSENGER_CAR,Turku,2022-08-04T21:00:00Z,2020-01-27T22:00:00Z,2026-02-05T00:00:00Z,2026-01-18T22:00:00Z,50.0,310,100.0,150.0,30000,16990,https://res.cloudinary.com/kamux/image/upload/v1770298758/prod_v2/d2036345-101b-4d12-bf1d-e6ddbde13948.pdf,False,False
Volkswagen,ID.4,Volkswagen ID.4,2023,PASSENGER_CAR,Raisio,2023-03-06T22:00:00Z,2023-03-06T22:00:00Z,2026-02-05T00:00:00Z,,82.0,547,220.0,180.0,81000,32390,https://res.cloudinary.com/kamux/image/upload/v1770301954/prod_v2/3a4e40a2-44a9-42a8-838d-0debb176fea0.pdf,False,False
Tesla,Model Y,Tesla Model Y,2022,PASSENGER_CAR,Oulunportti,2023-03-28T21:00:00Z,2022-08-31T21:00:00Z,2026-02-09T00:00:00Z,,82.0,533,258.0,217.0,79000,34590,https://res.cloudinary.com/kamux/image/upload/v1770628942/prod_v2/8e852ce2-9f8b-4273-8564-9220258458c5.pdf,False,False
Tesla,Model 3,Tesla Model 3,2020,PASSENGER_CAR,Tuusula,2020-04-08T21:00:00Z,2020-04-08T21:00:00Z,2026-02-07T00:00:00Z,2024-03-04T22:00:00Z,75.0,560,258.0,233.0,145000,22500,https://res.cloudinary.com/kamux/image/upload/v1770639090/prod_v2/e5ad0bc8-73e0-4f0f-a090-ca8405e2883e.pdf,False,False
Cupra,Born,Cupra Born,2023,PASSENGER_CAR,Kamux Verkkokauppa,,2022-12-19T22:00:00Z,2025-10-22T00:00:00Z,,82.0,548,170.0,160.0,92000,26700,https://res.cloudinary.com/kamux/image/upload/v1761382340/prod_v2/467f5680-5f99-48c6-88cc-5e46fbe96aad.pdf,True,False
Mercedes-Benz,EQA,Mercedes-Benz EQA,2022,PASSENGER_CAR,Espoo Niittykumpu,2026-02-06T00:00:00Z,2022-09-28T21:00:00Z,2025-12-22T00:00:00Z,2026-02-06T00:00:00Z,66.0,496,140.0,160.0,48000,29770,https://res.cloudinary.com/kamux/image/upload/v1770297463/prod_v2/d4ad525a-e018-4e4c-86fe-f98d4804e116.pdf,False,False
Renault,Zoe,Renault Zoe,2021,PASSENGER_CAR,Turku,2022-04-25T21:00:00Z,2020-10-05T21:00:00Z,2026-01-30T00:00:00Z,2024-10-03T21:00:00Z,52.0,383,100.0,140.0,116000,12950,https://res.cloudinary.com/kamux/image/upload/v1770301562/prod_v2/7645df5d-08f0-475b-aa2c-0c046b63e612.pdf,False,False
MG,Marvel R,MG Marvel R,2022,PASSENGER_CAR,Jyväskylä,2025-05-26T21:00:00Z,2022-10-30T22:00:00Z,2025-12-15T00:00:00Z,2025-05-26T21:00:00Z,70.0,370,130.0,200.0,56000,24890,https://res.cloudinary.com/kamux/image/upload/v1768307196/prod_v2/e05bc652-6f66-4756-a58d-11c1284a523b.pdf,False,False
Volkswagen,ID.4,Volkswagen ID.4,2022,PASSENGER_CAR,Tuusula,2022-09-14T00:00:00Z,2022-09-13T21:00:00Z,2026-01-22T00:00:00Z,,82.0,535,150.0,160.0,53000,27400,https://res.cloudinary.com/kamux/image/upload/v1769766832/prod_v2/875361c9-dbeb-4c19-910d-1a7909db8e67.pdf,False,False
Volkswagen,ID.3,Volkswagen ID.3,2022,PASSENGER_CAR,Espoo Koskelo,2023-08-01T00:00:00Z,2022-01-17T22:00:00Z,2025-10-30T00:00:00Z,2026-01-19T00:00:00Z,62.0,420,150.0,160.0,37000,22970,https://res.cloudinary.com/kamux/image/upload/v1768306603/prod_v2/565a5afd-5652-4b01-b9ec-168ccb07c877.pdf,False,False
Tesla,Model Y,Tesla Model Y,2021,PASSENGER_CAR,Turku,2022-08-18T00:00:00Z,2021-09-09T21:00:00Z,2025-11-18T00:00:00Z,2025-11-17T00:00:00Z,75.0,505,258.0,217.0,63000,32490,https://res.cloudinary.com/kamux/image/upload/v1768307174/prod_v2/c237294a-d448-4cbf-b78b-5f752bd8593f.pdf,False,False
Volkswagen,ID.4,Volkswagen ID.4,2021,PASSENGER_CAR,Oulu Limingantulli,,2021-09-01T21:00:00Z,2025-10-24T00:00:00Z,2025-11-07T00:00:00Z,82.0,530,150.0,160.0,46000,26870,https://res.cloudinary.com/kamux/image/upload/v1763723292/prod_v2/8b020203-d7e6-4248-9cdf-e803afd75a93.pdf,True,False
Opel,Mokka-e,Opel Mokka-e,2023,PASSENGER_CAR,Turku,2023-05-28T21:00:00Z,2023-05-28T21:00:00Z,2026-01-16T00:00:00Z,,50.0,342,100.0,150.0,33000,17770,https://res.cloudinary.com/kamux/image/upload/v1768573863/prod_v2/0821c2c1-16f7-494f-aab1-c63088ee57be.pdf,False,False
Tesla,Model X,Tesla Model X,2019,PASSENGER_CAR,Turku,,2019-11-18T22:00:00Z,2026-01-26T00:00:00Z,2026-02-03T00:00:00Z,100.0,505,311.0,250.0,102000,43900,https://res.cloudinary.com/kamux/image/upload/v1770387271/prod_v2/cb87eeb6-1e5e-45a9-aced-1b376f584f24.pdf,True,False
Skoda,Enyaq,Skoda Enyaq,2022,PASSENGER_CAR,Vantaa Airport,2022-06-20T21:00:00Z,2021-10-26T21:00:00Z,2025-12-31T00:00:00Z,2025-08-04T21:00:00Z,62.0,400,132.0,160.0,71000,23670,https://res.cloudinary.com/kamux/image/upload/v1768211810/prod_v2/bcc1bff0-ae45-4863-b46f-c0e0cb85c19d.pdf,False,False
Audi,e-tron,Audi e-tron,2022,PASSENGER_CAR,Turku,2026-01-15T00:00:00Z,2022-05-23T21:00:00Z,2025-12-18T00:00:00Z,2026-01-14T00:00:00Z,95.0,452,300.0,200.0,67000,39880,https://res.cloudinary.com/kamux/image/upload/v1767630435/prod_v2/32cbc029-fd6e-4eee-9929-803d90e0b0a1.pdf,False,False
Kia,EV6,Kia EV6,2023,PASSENGER_CAR,Turku,2026-01-19T00:00:00Z,2022-11-10T22:00:00Z,2025-12-19T00:00:00Z,2026-01-16T00:00:00Z,77.0,510,168.0,185.0,63000,33490,https://res.cloudinary.com/kamux/image/upload/v1768306254/prod_v2/f3508e42-09b7-485a-99af-1f47e7bad238.pdf,False,False
Volkswagen,ID.5,Volkswagen ID.5,2023,PASSENGER_CAR,Turku,2023-01-10T22:00:00Z,2023-01-10T22:00:00Z,2026-01-05T00:00:00Z,,77.0,513,150.0,160.0,46000,29590,https://res.cloudinary.com/kamux/image/upload/v1767779859/prod_v2/b9506c83-a138-4f25-99f2-484ad4582661.pdf,False,False
Polestar,2,Polestar 2,2024,PASSENGER_CAR,Turku,2025-12-31T00:00:00Z,2024-01-18T22:00:00Z,2025-12-03T00:00:00Z,2025-12-22T00:00:00Z,69.0,518,200.0,205.0,16000,36490,https://res.cloudinary.com/kamux/image/upload/v1768307188/prod_v2/c9ca6cc8-fb83-4ab8-9933-552d6d705a71.pdf,False,False
Polestar,2,Polestar 2,2023,PASSENGER_CAR,Turku,2025-12-15T00:00:00Z,2023-07-02T21:00:00Z,2025-11-18T00:00:00Z,2025-12-15T00:00:00Z,78.0,551,170.0,160.0,53000,28890,https://res.cloudinary.com/kamux/image/upload/v1765889876/prod_v2/a31e00bb-e99c-4dc7-b7ef-6a6ce9763543.pdf,False,False
Mercedes-Benz,EQB,Mercedes-Benz EQB,2023,PASSENGER_CAR,Turku,2025-11-17T00:00:00Z,2022-11-21T22:00:00Z,2025-10-08T00:00:00Z,2025-11-14T00:00:00Z,66.5,419,168.0,160.0,81000,30880,https://res.cloudinary.com/kamux/image/upload/v1765480302/prod_v2/f7e5f4c9-2f89-4ba5-986b-a64cb36895d4.pdf,False,False
Audi,Q4 e-tron,Audi Q4 e-tron,2023,PASSENGER_CAR,Turku,2025-12-02T00:00:00Z,2022-11-29T22:00:00Z,2025-10-29T00:00:00Z,2025-12-02T00:00:00Z,82.0,528,150.0,160.0,92000,27690,https://res.cloudinary.com/kamux/image/upload/v1768306012/prod_v2/f30567bc-bafe-4ac3-991b-0f6678fa97e0.pdf,False,False
Mercedes-Benz,EQE SUV,Mercedes-Benz EQE SUV,2023,PASSENGER_CAR,Turku,2025-11-18T00:00:00Z,2023-10-10T21:00:00Z,2025-10-01T00:00:00Z,2025-11-18T00:00:00Z,89.0,536,215.0,210.0,50000,58390,https://res.cloudinary.com/kamux/image/upload/v1762866475/prod_v2/8ad8f7d1-bdf2-4e3c-83f9-33565bf3bdea.pdf,False,False
BMW,iX,BMW iX,2022,PASSENGER_CAR,Turku,2025-10-08T00:00:00Z,2022-02-13T22:00:00Z,2025-09-11T00:00:00Z,2025-10-08T00:00:00Z,112.0,630,385.0,200.0,63000,57490,https://res.cloudinary.com/kamux/image/upload/v1759912869/prod_v2/ee226a2f-4002-41d8-baee-7fa43983cf1e.pdf,False,False
Volvo,C40,Volvo C40,2023,PASSENGER_CAR,Espoo Friisilä,2026-01-28T00:00:00Z,2023-01-15T22:00:00Z,2026-01-15T00:00:00Z,2026-01-28T00:00:00Z,78.0,450,300.0,180.0,67000,34990,https://res.cloudinary.com/kamux/image/upload/v1770711611/prod_v2/e0e60221-257a-48cc-bd70-fce503e18baa.pdf,False,False
Mercedes-Benz,EQE,Mercedes-Benz EQE,2024,PASSENGER_CAR,Turku,2025-05-20T00:00:00Z,2023-11-27T22:00:00Z,2025-04-23T00:00:00Z,2025-05-19T00:00:00Z,90.0,603,215.0,210.0,94000,42900,https://res.cloudinary.com/kamux/image/upload/v1760020006/prod_v2/aeb0a6df-a66f-418a-8227-d7a37d188a8a.pdf,False,False
Tesla,Model 3,Tesla Model 3,2019,PASSENGER_CAR,Oulu Limingantulli,2019-03-29T00:00:00Z,2019-03-28T22:00:00Z,2026-01-24T00:00:00Z,2024-07-23T00:00:00Z,74.0,560,350.0,233.0,224000,18590,https://res.cloudinary.com/kamux/image/upload/v1769248291/prod_v2/a656038d-3850-4411-ac71-6a3aeee0e6a6.pdf,False,False
Mercedes-Benz,EQB,Mercedes-Benz EQB,2023,PASSENGER_CAR,Tampere Lakalaiva,2022-09-29T21:00:00Z,2022-09-29T21:00:00Z,2026-02-05T00:00:00Z,,66.0,419,140.0,160.0,58000,29500,https://res.cloudinary.com/kamux/image/upload/v1770458727/prod_v2/f9c66866-6620-4b53-bf4e-933a779670e6.pdf,False,False
Volkswagen,ID.4,Volkswagen ID.4,2022,PASSENGER_CAR,Vaasa,2025-10-29T00:00:00Z,2022-01-04T22:00:00Z,2025-10-02T00:00:00Z,2025-10-29T00:00:00Z,82.0,511,150.0,160.0,42000,26180,https://res.cloudinary.com/kamux/image/upload/v1768306110/prod_v2/96c5ba18-0416-4bfb-9abe-5e3743607403.pdf,False,False
MG,ZS,MG ZS,2021,PASSENGER_CAR,Hyvinkää,2024-01-02T22:00:00Z,2021-09-27T21:00:00Z,2026-01-21T00:00:00Z,2025-10-08T21:00:00Z,44.5,263,44.5,140.0,62000,13490,https://res.cloudinary.com/kamux/image/upload/v1769166067/prod_v2/cd602408-8fd6-43d1-9669-20436dd61d14.pdf,False,False
Skoda,Enyaq,Skoda Enyaq,2022,PASSENGER_CAR,Joensuu,2025-10-30T00:00:00Z,2022-07-31T21:00:00Z,2025-10-09T00:00:00Z,2025-10-30T00:00:00Z,82.0,460,195.0,160.0,81000,29890,https://res.cloudinary.com/kamux/image/upload/v1762439890/prod_v2/07e5fe65-3e11-4972-abb4-72cd872defdc.pdf,False,False
Mercedes-Benz,EQC,Mercedes-Benz EQC,2020,PASSENGER_CAR,Hämeenlinna,2022-07-29T00:00:00Z,2020-06-15T21:00:00Z,2026-02-06T00:00:00Z,2024-03-15T00:00:00Z,80.0,430,300.0,180.0,67000,35700,https://res.cloudinary.com/kamux/image/upload/v1770465368/prod_v2/13fb1c34-fb47-4ffc-a0a5-347319a67012.pdf,False,False
Tesla,Model Y,Tesla Model Y,2021,PASSENGER_CAR,Porvoo,2021-08-31T21:00:00Z,2021-08-31T21:00:00Z,2026-01-22T00:00:00Z,2025-08-07T21:00:00Z,82.0,533,258.0,217.0,126000,28780,https://res.cloudinary.com/kamux/image/upload/v1769167754/prod_v2/860e141e-8551-4a56-9149-d4da2d5f836c.pdf,False,False
Porsche,Taycan,Porsche Taycan,2022,PASSENGER_CAR,Espoo Niittykumpu,2022-06-15T00:00:00Z,2022-06-14T21:00:00Z,2026-01-13T00:00:00Z,,93.4,456,350.0,220.0,64000,65900,https://res.cloudinary.com/kamux/image/upload/v1768398742/prod_v2/76d6f021-3dc1-4931-9c06-c38ab8a83be9.pdf,False,False
Polestar,4,Polestar 4,2024,PASSENGER_CAR,Lappeenranta,,2024-07-24T21:00:00Z,2026-01-19T00:00:00Z,,100.0,590,400.0,200.0,17000,56490,https://res.cloudinary.com/kamux/image/upload/v1770707595/prod_v2/24310465-94c7-416c-b77e-36a85c59c9c8.pdf,True,False
Polestar,2,Polestar 2,2023,PASSENGER_CAR,Iisalmi,2025-12-31T00:00:00Z,2022-11-17T22:00:00Z,2025-12-19T00:00:00Z,2025-12-31T00:00:00Z,78.0,463,350.0,205.0,99000,33900,https://res.cloudinary.com/kamux/image/upload/v1767781925/prod_v2/d4d69e22-e102-4387-8fa4-1a57ee6629c7.pdf,False,False
Volkswagen,ID.5,Volkswagen ID.5,2022,PASSENGER_CAR,Oulunportti,,2022-10-12T21:00:00Z,2025-11-27T00:00:00Z,2025-12-12T00:00:00Z,82.0,512,220.0,180.0,100000,28790,https://res.cloudinary.com/kamux/image/upload/v1767884595/prod_v2/1a2599b9-266f-45c8-8267-3e76282de85f.pdf,True,False
Volvo,C40,Volvo C40,2024,PASSENGER_CAR,Oulunportti,2025-12-16T00:00:00Z,2024-06-03T21:00:00Z,2025-11-27T00:00:00Z,2025-12-12T00:00:00Z,82.0,582,185.0,180.0,30000,37490,https://res.cloudinary.com/kamux/image/upload/v1765449508/prod_v2/512e7338-6748-46ee-97c4-93351f8fe38d.pdf,False,False
Skoda,Enyaq,Skoda Enyaq,2022,PASSENGER_CAR,Tampere Lakalaiva,2021-10-25T21:00:00Z,2021-10-25T21:00:00Z,2026-01-23T00:00:00Z,2025-06-26T00:00:00Z,80.0,500,,160.0,171000,22250,https://res.cloudinary.com/kamux/image/upload/v1769611081/prod_v2/5139e4c9-2c80-4c92-af63-80da5c522fc3.pdf,False,False
Volkswagen,ID.3,Volkswagen ID.3,2022,PASSENGER_CAR,Iisalmi,2025-12-16T00:00:00Z,2021-12-07T22:00:00Z,2025-11-27T00:00:00Z,2025-12-11T00:00:00Z,58.0,422,150.0,160.0,89000,18490,https://res.cloudinary.com/kamux/image/upload/v1765345529/prod_v2/6f6967ef-5fe6-4514-9c53-bb9d5a0afdb9.pdf,False,False
Skoda,Enyaq,Skoda Enyaq,2021,PASSENGER_CAR,Vantaa Varisto,,2021-05-05T21:00:00Z,2025-09-16T00:00:00Z,2025-12-10T00:00:00Z,82.0,527,150.0,160.0,94000,26480,https://res.cloudinary.com/kamux/image/upload/v1770046162/prod_v2/c6e48b3a-f1af-4fb5-8701-23d734ff7c23.pdf,True,False
Volkswagen,Golf,Volkswagen Golf,2015,PASSENGER_CAR,Oulunportti,2015-04-22T21:00:00Z,2015-04-22T21:00:00Z,2026-01-30T00:00:00Z,2026-01-06T22:00:00Z,26.5,190,85.0,140.0,171000,7970,https://res.cloudinary.com/kamux/image/upload/v1769792235/prod_v2/4aec7ba4-a48e-41f7-be5d-7d6c99512cc3.pdf,False,False
Volkswagen,ID.4,Volkswagen ID.4,2023,PASSENGER_CAR,Pori,2025-11-13T00:00:00Z,2023-08-02T21:00:00Z,2025-10-20T00:00:00Z,2025-11-13T00:00:00Z,82.0,509,220.0,180.0,92000,28390,https://res.cloudinary.com/kamux/image/upload/v1763020149/prod_v2/eec67fd4-3631-4a86-8a12-3ae89465932e.pdf,False,False
Skoda,Enyaq,Skoda Enyaq,2022,PASSENGER_CAR,Pori,2022-07-11T00:00:00Z,2022-07-10T21:00:00Z,2025-12-05T00:00:00Z,,82.0,527,150.0,160.0,72000,31790,https://res.cloudinary.com/kamux/image/upload/v1765536726/prod_v2/e3a92e39-4663-4afb-b622-8944feb4f298.pdf,False,False
Tesla,Model 3,Tesla Model 3,2020,PASSENGER_CAR,Espoo Friisilä,2025-04-29T21:00:00Z,2019-12-10T22:00:00Z,2026-02-03T00:00:00Z,2025-04-07T21:00:00Z,55.0,415,211.0,225.0,179000,17290,https://res.cloudinary.com/kamux/image/upload/v1770113437/prod_v2/e02cda0c-bcd2-4a14-a4b1-46834e919cec.pdf,False,False
Kia,Niro,Kia Niro,2023,PASSENGER_CAR,Porvoo,2025-10-22T21:00:00Z,2023-03-30T21:00:00Z,2025-05-15T00:00:00Z,2025-06-04T21:00:00Z,67.0,450,150.0,167.0,24000,26680,https://res.cloudinary.com/kamux/image/upload/v1759310668/prod_v2/4065aeec-f0f1-4dad-84f3-5cd0b2bd8abc.pdf,False,False
Peugeot,e-208,Peugeot e-208,2022,PASSENGER_CAR,Helsinki Herttoniemi,2025-06-05T00:00:00Z,2021-11-29T22:00:00Z,2026-01-30T00:00:00Z,2025-04-14T00:00:00Z,50.0,350,,150.0,40000,14390,https://res.cloudinary.com/kamux/image/upload/v1769792038/prod_v2/235d0fa3-9d6d-4ea0-80af-daeaa5a3e35e.pdf,False,False
Volkswagen,ID.4,Volkswagen ID.4,2022,PASSENGER_CAR,Helsinki Herttoniemi,2021-12-30T00:00:00Z,2021-12-29T22:00:00Z,2025-12-19T00:00:00Z,2025-12-04T00:00:00Z,82.0,517,150.0,160.0,40000,28880,https://res.cloudinary.com/kamux/image/upload/v1767087549/prod_v2/13b5293f-2d79-4dbb-8ae0-f4fbd461ea27.pdf,False,False
Volkswagen,Golf,Volkswagen Golf,2018,PASSENGER_CAR,Vantaa Airport,2022-08-07T21:00:00Z,2018-05-28T21:00:00Z,2026-02-09T00:00:00Z,2024-07-04T21:00:00Z,1.0,1,,150.0,130000,11870,https://res.cloudinary.com/kamux/image/upload/v1770461497/prod_v2/454bcfd7-ad6a-4d28-926c-471cbc5f750b.pdf,False,False
Skoda,Enyaq,Skoda Enyaq,2023,PASSENGER_CAR,Forssa,2023-07-10T00:00:00Z,2023-07-09T21:00:00Z,2026-02-06T00:00:00Z,,82.0,518,150.0,160.0,69000,35590,https://res.cloudinary.com/kamux/image/upload/v1770390793/prod_v2/fcafd35b-4078-4659-b965-3a18bec1504a.pdf,False,False
Audi,e-tron,Audi e-tron,2022,PASSENGER_CAR,Tuusula,,2021-11-30T22:00:00Z,2026-01-13T00:00:00Z,,95.0,441,300.0,200.0,59000,36340,https://res.cloudinary.com/kamux/image/upload/v1769695262/prod_v2/4ba01a4d-79bd-49ba-bcaa-086ea8c0eac9.pdf,True,False
Audi,e-tron,Audi e-tron,2020,PASSENGER_CAR,Lahti,2026-02-04T22:00:00Z,2020-09-16T21:00:00Z,2026-01-12T00:00:00Z,2026-02-04T22:00:00Z,95.0,359,300.0,200.0,38000,36900,https://res.cloudinary.com/kamux/image/upload/v1770294907/prod_v2/ddf75ba6-0d38-4048-a17b-0c22f32f3b5d.pdf,True,False
Tesla,Model 3,Tesla Model 3,2021,PASSENGER_CAR,Seinäjoki,2023-10-29T22:00:00Z,2021-09-23T21:00:00Z,2026-01-30T00:00:00Z,2025-09-03T21:00:00Z,75.0,602,340.0,233.0,59000,29800,https://res.cloudinary.com/kamux/image/upload/v1770113618/prod_v2/937df297-4861-4bf9-b302-e3f2be6fb2a7.pdf,False,False
Subaru,Solterra,Subaru Solterra,2023,PASSENGER_CAR,Tuusula,2023-12-12T00:00:00Z,2023-12-11T22:00:00Z,2025-10-09T00:00:00Z,,71.0,350,160.0,160.0,64000,29890,https://res.cloudinary.com/kamux/image/upload/v1761033115/prod_v2/b1003189-d964-4a75-8893-7c63aa7c82c3.pdf,False,False
Volkswagen,ID.4,Volkswagen ID.4,2021,PASSENGER_CAR,Tuusula,,2021-06-30T21:00:00Z,2025-10-07T00:00:00Z,2025-10-23T00:00:00Z,82.0,511,150.0,160.0,62000,27670,https://res.cloudinary.com/kamux/image/upload/v1761223685/prod_v2/a79eae4b-1fe1-4bc3-af36-ed60ab71d0b1.pdf,True,False
BMW,i4 M50,BMW i4 M50,2022,PASSENGER_CAR,Tuusula,2025-11-10T00:00:00Z,2022-05-24T21:00:00Z,2025-10-03T00:00:00Z,2025-11-10T00:00:00Z,84.0,521,400.0,225.0,135000,38980,https://res.cloudinary.com/kamux/image/upload/v1763631791/prod_v2/cb8b75f1-bb58-4b38-bc7e-df2e305702a1.pdf,False,False
Renault,Megane,Renault Megane,2022,PASSENGER_CAR,Järvenpää,,2022-12-28T22:00:00Z,2026-01-23T00:00:00Z,,45.0,300,90.0,150.0,77000,25490,https://res.cloudinary.com/kamux/image/upload/v1770639286/prod_v2/f5dd9526-1429-44cd-888f-e3d20b4d37e9.pdf,True,False
Skoda,Enyaq,Skoda Enyaq,2022,PASSENGER_CAR,Jyväskylä,2021-11-25T00:00:00Z,2021-11-24T22:00:00Z,2026-01-21T00:00:00Z,2026-01-20T00:00:00Z,77.0,400,195.0,160.0,72000,32790,https://res.cloudinary.com/kamux/image/upload/v1770461694/prod_v2/0a7a2d89-9bf0-439d-8889-5fd35316e14d.pdf,False,False
Volvo,XC40,Volvo XC40,2023,PASSENGER_CAR,Lappeenranta,,2023-05-01T00:00:00Z,2026-01-27T00:00:00Z,,70.0,400,170.0,160.0,98000,28200,https://res.cloudinary.com/kamux/image/upload/v1770645957/prod_v2/472815ae-70eb-4bb9-9830-c621074789a6.pdf,True,False
Tesla,Model 3,Tesla Model 3,2021,PASSENGER_CAR,Kokkola,,2021-09-16T21:00:00Z,2025-12-10T00:00:00Z,2026-01-14T00:00:00Z,54.0,448,211.0,225.0,29000,26840,https://res.cloudinary.com/kamux/image/upload/v1770645202/prod_v2/944e2053-c817-4f49-99b5-b14a5b991e6f.pdf,True,False
Ford,Mustang Mach-E,Ford Mustang Mach-E,2022,PASSENGER_CAR,Forssa,2022-01-11T22:00:00Z,2022-01-11T22:00:00Z,2026-01-03T00:00:00Z,2025-12-29T22:00:00Z,75.0,420,198.0,180.0,55000,28990,https://res.cloudinary.com/kamux/image/upload/v1767780974/prod_v2/f670e394-01eb-4dfb-8a0a-e21200375820.pdf,False,False
Audi,Q4 e-tron,Audi Q4 e-tron,2022,PASSENGER_CAR,Lappeenranta,2025-12-12T00:00:00Z,2022-08-31T21:00:00Z,2025-11-03T00:00:00Z,2025-12-10T00:00:00Z,82.0,488,220.0,180.0,87000,31880,https://res.cloudinary.com/kamux/image/upload/v1764071823/prod_v2/9ac987bf-abe3-457a-8aa3-e6d66ed26064.pdf,False,False
Volkswagen,ID.5,Volkswagen ID.5,2025,PASSENGER_CAR,Tampere Lakalaiva,2026-01-27T00:00:00Z,2025-05-15T21:00:00Z,2026-01-09T00:00:00Z,2026-01-27T00:00:00Z,79.0,534,250.0,180.0,9000,48790,https://res.cloudinary.com/kamux/image/upload/v1769510728/prod_v2/4937ee06-4590-43fb-af37-f2c244a538bc.pdf,False,False
Opel,Corsa-e,Opel Corsa-e,2022,PASSENGER_CAR,Espoo Friisilä,,2022-11-21T00:00:00Z,2026-01-21T00:00:00Z,,50.0,337,100.0,150.0,72000,14490,https://res.cloudinary.com/kamux/image/upload/v1769440778/prod_v2/79321731-9ad5-488d-85d0-732a4526f390.pdf,True,False
Audi,e-tron,Audi e-tron,2022,PASSENGER_CAR,Järvenpää,,2021-11-29T00:00:00Z,2026-01-26T00:00:00Z,,95.0,441,300.0,200.0,69000,37900,https://res.cloudinary.com/kamux/image/upload/v1770634679/prod_v2/1b09e6bf-e1b0-421c-8b59-cdb3408301cd.pdf,True,False
Opel,Corsa-e,Opel Corsa-e,2023,PASSENGER_CAR,Espoo Niittykumpu,2026-02-04T00:00:00Z,2023-08-24T21:00:00Z,2026-01-21T00:00:00Z,2026-02-04T00:00:00Z,50.0,337,100.0,150.0,9000,17900,https://res.cloudinary.com/kamux/image/upload/v1770199902/prod_v2/27ff0754-f9f0-45ca-bbc1-b941d8d5a7ae.pdf,False,False
Volkswagen,ID.4,Volkswagen ID.4,2022,PASSENGER_CAR,Espoo Niittykumpu,2024-12-02T22:00:00Z,2021-11-03T22:00:00Z,2026-01-13T00:00:00Z,2025-12-22T22:00:00Z,77.0,524,,160.0,137000,21700,https://res.cloudinary.com/kamux/image/upload/v1770641485/prod_v2/4e625feb-92a9-4770-a6f3-c71f8446359c.pdf,False,False
BMW,iX,BMW iX,2023,PASSENGER_CAR,Espoo Friisilä,2022-12-29T22:00:00Z,2022-12-29T22:00:00Z,2026-01-22T00:00:00Z,2022-12-30T00:00:00Z,76.6,436,544.0,200.0,86000,44490,https://res.cloudinary.com/kamux/image/upload/v1769608658/prod_v2/39b35dda-e64f-4fce-acac-54de330859e5.pdf,False,False
Skoda,Enyaq,Skoda Enyaq,2023,PASSENGER_CAR,Helsinki Herttoniemi,2026-01-27T00:00:00Z,2023-08-31T21:00:00Z,2025-12-04T00:00:00Z,2026-01-16T00:00:00Z,82.0,521,195.0,160.0,90000,33680,https://res.cloudinary.com/kamux/image/upload/v1767772975/prod_v2/3ca0c94b-3551-4d2c-92b0-a8df8a83c76b.pdf,False,False
Skoda,Enyaq,Skoda Enyaq,2021,PASSENGER_CAR,Rauma,,2021-08-03T21:00:00Z,2025-10-16T00:00:00Z,2025-11-03T00:00:00Z,82.0,532,150.0,160.0,70000,29470,https://res.cloudinary.com/kamux/image/upload/v1763033593/prod_v2/97d11fd3-ce55-49a6-a8fe-7dec807f74ae.pdf,True,False
Kia,EV6,Kia EV6,2022,PASSENGER_CAR,Kamux Verkkokauppa,,2022-09-11T21:00:00Z,2025-10-01T00:00:00Z,,77.4,50,239.0,185.0,59000,37880,https://res.cloudinary.com/kamux/image/upload/v1760007340/prod_v2/d1fe0c96-9f78-4b88-b015-31c7cc4c5391.pdf,True,False
Volkswagen,ID.7,Volkswagen ID.7,2024,PASSENGER_CAR,Tuusula,2024-03-21T22:00:00Z,2024-03-21T22:00:00Z,2026-02-03T00:00:00Z,,77.0,500,210.0,180.0,97000,38900,https://res.cloudinary.com/kamux/image/upload/v1770135017/prod_v2/c26a2252-26cc-4ce1-a791-2cbba7f028f2.pdf,False,False
Toyota,Proace EV,Toyota Proace EV,2021,VAN,Jyväskylä Worx,2026-01-08T00:00:00Z,2021-11-17T22:00:00Z,2025-12-04T00:00:00Z,2026-01-05T00:00:00Z,75.0,221,100.0,130.0,56000,28190,https://res.cloudinary.com/kamux/image/upload/v1768306505/prod_v2/3c2b9690-a9b9-4819-8580-a1763f7f28d2.pdf,False,True
Polestar,2,Polestar 2,2024,PASSENGER_CAR,Lappeenranta,2026-02-05T00:00:00Z,2023-10-23T21:00:00Z,2026-01-14T00:00:00Z,2026-02-05T00:00:00Z,82.0,540,220.0,205.0,45000,38900,https://res.cloudinary.com/kamux/image/upload/v1770636696/prod_v2/bc7eef73-7a8e-456b-a5d4-c207b7a76868.pdf,True,False
Skoda,Enyaq,Skoda Enyaq,2023,PASSENGER_CAR,Järvenpää,,2022-12-28T22:00:00Z,2026-01-22T00:00:00Z,,82.0,521,195.0,160.0,70000,33490,https://res.cloudinary.com/kamux/image/upload/v1770634483/prod_v2/5a7eafde-dbb6-41d3-bafb-f9d6b4dbec98.pdf,True,False
Hyundai,Ioniq 5,Hyundai Ioniq 5,2022,PASSENGER_CAR,Salo,2025-09-02T00:00:00Z,2022-03-31T21:00:00Z,2025-07-10T00:00:00Z,2025-08-07T00:00:00Z,58.0,380,125.0,185.0,48000,24580,https://res.cloudinary.com/kamux/image/upload/v1762264735/prod_v2/00f7e40c-d4ca-4bae-9553-e46675cbd106.pdf,False,False
Tesla,Model Y,Tesla Model Y,2023,PASSENGER_CAR,Helsinki Herttoniemi,2023-08-17T21:00:00Z,2022-12-18T22:00:00Z,2026-02-06T00:00:00Z,2023-08-16T00:00:00Z,74.0,533,258.0,217.0,77000,34890,https://res.cloudinary.com/kamux/image/upload/v1770385403/prod_v2/435d5e1e-c74a-4321-b329-6823beeda612.pdf,False,False
Polestar,3,Polestar 3,2024,PASSENGER_CAR,Hämeenlinna,2025-12-04T22:00:00Z,2024-06-16T21:00:00Z,2025-12-30T00:00:00Z,2024-06-17T00:00:00Z,111.0,560,360.0,210.0,21000,68780,https://res.cloudinary.com/kamux/image/upload/v1770370129/prod_v2/d14392ac-3c50-4b2d-bb65-36e7555c6d9a.pdf,False,False
Audi,e-tron,Audi e-tron,2022,PASSENGER_CAR,Espoo Koskelo,2026-02-04T22:00:00Z,2022-02-15T22:00:00Z,2026-01-16T00:00:00Z,2026-02-04T22:00:00Z,95.0,369,300.0,200.0,36000,34790,https://res.cloudinary.com/kamux/image/upload/v1770295104/prod_v2/e2c879d2-dea0-4f8d-8ab8-6d98749321ec.pdf,True,False
Volkswagen,Golf,Volkswagen Golf,2015,PASSENGER_CAR,Turku,2015-08-26T21:00:00Z,2015-08-26T21:00:00Z,2026-02-07T00:00:00Z,2025-06-24T21:00:00Z,24.2,190,85.0,140.0,100000,10790,https://res.cloudinary.com/kamux/image/upload/v1770465547/prod_v2/6199aebb-4496-43da-927c-832ef24f4226.pdf,False,False
Peugeot,e-208,Peugeot e-208,2022,PASSENGER_CAR,Lohja,2022-09-14T21:00:00Z,2022-09-14T21:00:00Z,2026-02-07T00:00:00Z,,50.0,362,,150.0,74000,14690,https://res.cloudinary.com/kamux/image/upload/v1770629893/prod_v2/09c56edb-c120-4b3b-81ea-cf1d10591d7d.pdf,False,False
Volkswagen,ID.3,Volkswagen ID.3,2024,PASSENGER_CAR,Helsinki Herttoniemi,2026-01-09T00:00:00Z,2023-12-26T22:00:00Z,2025-11-14T00:00:00Z,2026-01-09T00:00:00Z,82.0,575,150.0,160.0,41000,32800,https://res.cloudinary.com/kamux/image/upload/v1764931103/prod_v2/f9984b45-ac6f-4874-852d-72bfde96f63e.pdf,False,False
Renault,Scenic,Renault Scenic,2024,PASSENGER_CAR,Helsinki Herttoniemi,2026-01-27T00:00:00Z,2024-11-28T22:00:00Z,2025-12-22T00:00:00Z,2026-01-19T00:00:00Z,87.0,625,160.0,170.0,20000,38390,https://res.cloudinary.com/kamux/image/upload/v1767361899/prod_v2/070b4e23-bdc1-4491-bb07-230cf275ff3b.pdf,False,False
BMW,i4 M50,BMW i4 M50,2023,PASSENGER_CAR,Tampere Lakalaiva,2026-01-27T00:00:00Z,2022-10-16T21:00:00Z,2025-12-08T00:00:00Z,2026-01-16T00:00:00Z,84.0,520,400.0,225.0,75000,42990,https://res.cloudinary.com/kamux/image/upload/v1768307117/prod_v2/b868dd77-9e76-435d-bfad-a5492b2ba83f.pdf,False,False
Mercedes-Benz,EQC,Mercedes-Benz EQC,2021,PASSENGER_CAR,Helsinki Herttoniemi,2024-11-14T22:00:00Z,2020-11-25T22:00:00Z,2026-01-15T00:00:00Z,2024-09-24T21:00:00Z,85.0,432,300.0,180.0,50000,36990,https://res.cloudinary.com/kamux/image/upload/v1768464994/prod_v2/705f44be-ae83-41cd-8212-3c3a5061d931.pdf,False,False
Opel,Corsa-e,Opel Corsa-e,2022,PASSENGER_CAR,Helsinki Herttoniemi,,2022-01-04T22:00:00Z,2025-12-17T00:00:00Z,2026-02-05T00:00:00Z,50.0,354,100.0,150.0,29000,13880,https://res.cloudinary.com/kamux/image/upload/v1766493016/prod_v2/9ede86b5-d202-48e8-9b8c-551574b9a32a.pdf,True,False
Hyundai,Ioniq Electric,Hyundai Ioniq Electric,2018,PASSENGER_CAR,Seinäjoki,2021-10-12T21:00:00Z,2018-11-12T22:00:00Z,2026-02-05T00:00:00Z,2024-11-10T22:00:00Z,30.5,280,88.0,165.0,135000,11470,https://res.cloudinary.com/kamux/image/upload/v1770193925/prod_v2/7db683c4-9ef0-457b-a006-042c6461b514.pdf,False,False
Volkswagen,ID.4,Volkswagen ID.4,2021,PASSENGER_CAR,Salo,,2021-08-04T21:00:00Z,2025-10-09T00:00:00Z,2025-10-29T00:00:00Z,82.0,511,150.0,160.0,39000,27680,https://res.cloudinary.com/kamux/image/upload/v1762180269/prod_v2/f28420f7-8022-4f63-b2d2-ec0b45d44659.pdf,True,False
Skoda,Enyaq,Skoda Enyaq,2022,PASSENGER_CAR,Salo,2025-11-05T00:00:00Z,2022-07-21T21:00:00Z,2025-10-17T00:00:00Z,2025-11-04T22:00:00Z,82.0,500,150.0,160.0,66000,29900,https://res.cloudinary.com/kamux/image/upload/v1762417567/prod_v2/ef37345f-fc4c-42cb-946d-0d11bdf7ea6f.pdf,False,False
Maxus,Euniq 5,Maxus Euniq 5,2022,PASSENGER_CAR,Kuopio,2022-07-13T21:00:00Z,2022-07-05T21:00:00Z,2026-02-09T00:00:00Z,,52.5,360,130.0,160.0,65000,19900,https://res.cloudinary.com/kamux/image/upload/v1770459661/prod_v2/a8dd16f8-fc8d-46c1-b74f-0fbc03896bc0.pdf,False,False
Hyundai,Ioniq 5,Hyundai Ioniq 5,2022,PASSENGER_CAR,Järvenpää,,2021-12-06T00:00:00Z,2026-01-14T00:00:00Z,,73.0,460,225.0,185.0,51000,30890,https://res.cloudinary.com/kamux/image/upload/v1770111765/prod_v2/6fd8cccf-0f94-4001-bc22-01b5555013e4.pdf,True,False
Opel,Vivaro-e,Opel Vivaro-e,2021,VAN,Pori Worx,2021-10-22T00:00:00Z,2021-10-21T21:00:00Z,2025-11-05T00:00:00Z,2025-09-03T00:00:00Z,75.0,329,100.0,130.0,27000,26790,https://res.cloudinary.com/kamux/image/upload/v1770627851/prod_v2/3b7be6b8-20c2-4a47-aae6-18eef8e1ddc9.pdf,False,True
Ford,Transit,Ford Transit,2022,VAN,Hyvinkää Worx,2025-05-15T00:00:00Z,2022-07-05T21:00:00Z,2025-04-10T00:00:00Z,2025-05-14T00:00:00Z,68.0,258,200.0,133.0,2000,34480,https://res.cloudinary.com/kamux/image/upload/v1759226108/prod_v2/3a9848de-cedd-4210-bfcd-c49066d6dacd.pdf,False,True
Kia,EV6,Kia EV6,2023,PASSENGER_CAR,Oulunportti,2025-12-31T00:00:00Z,2023-03-05T22:00:00Z,2025-12-09T00:00:00Z,2025-12-29T00:00:00Z,77.0,506,239.0,188.0,129000,29490,https://res.cloudinary.com/kamux/image/upload/v1766400446/prod_v2/1b56b559-0857-4d80-85e3-f53eae1fe19e.pdf,False,False
Volkswagen,ID.4,Volkswagen ID.4,2022,PASSENGER_CAR,Lappeenranta,2026-01-15T00:00:00Z,2022-09-07T21:00:00Z,2025-12-22T00:00:00Z,2026-01-15T00:00:00Z,82.0,511,150.0,160.0,35000,26700,https://res.cloudinary.com/kamux/image/upload/v1768466142/prod_v2/d6204099-1afb-46e4-8917-a4d4b14bee4e.pdf,False,False
Skoda,Enyaq,Skoda Enyaq,2023,PASSENGER_CAR,Lappeenranta,2023-01-19T22:00:00Z,2023-01-19T22:00:00Z,2026-01-07T00:00:00Z,,82.0,500,150.0,160.0,122000,24990,https://res.cloudinary.com/kamux/image/upload/v1767870545/prod_v2/2fede9fe-f5e5-428e-b050-193a7fca3727.pdf,False,False
Polestar,2,Polestar 2,2022,PASSENGER_CAR,Jyväskylä,2025-10-23T00:00:00Z,2022-03-06T22:00:00Z,2025-08-26T00:00:00Z,2025-09-16T00:00:00Z,64.0,444,165.0,160.0,118000,22500,https://res.cloudinary.com/kamux/image/upload/v1759307351/prod_v2/8bb1b66e-8190-4e7d-b2b5-3025d5d230ed.pdf,False,False
Polestar,2,Polestar 2,2023,PASSENGER_CAR,Kotka,2026-01-22T00:00:00Z,2022-11-17T22:00:00Z,2025-12-10T00:00:00Z,2026-01-21T00:00:00Z,78.0,487,300.0,205.0,108000,30780,https://res.cloudinary.com/kamux/image/upload/v1770625801/prod_v2/3fdcd7e3-2bca-4ebc-b105-04ba9d9c0086.pdf,False,False
Volkswagen,ID.3,Volkswagen ID.3,2022,PASSENGER_CAR,Lappeenranta,2025-12-18T00:00:00Z,2021-12-06T22:00:00Z,2025-12-02T00:00:00Z,2025-12-16T00:00:00Z,62.0,420,150.0,160.0,59000,19870,https://res.cloudinary.com/kamux/image/upload/v1770028640/prod_v2/07270c2f-9579-487c-a29f-ed7f02382e6b.pdf,False,False
Opel,Mokka,Opel Mokka,2022,PASSENGER_CAR,Vantaa Varisto,2022-01-17T00:00:00Z,2022-01-16T22:00:00Z,2026-01-09T00:00:00Z,2025-12-17T00:00:00Z,50.0,318,1.0,150.0,103000,12990,https://res.cloudinary.com/kamux/image/upload/v1770625601/prod_v2/925da005-10c0-40a7-bec1-c67a39081fa4.pdf,False,False
Polestar,2,Polestar 2,2022,PASSENGER_CAR,Lappeenranta,2025-11-04T00:00:00Z,2022-04-24T21:00:00Z,2025-10-17T00:00:00Z,2025-11-04T00:00:00Z,78.0,540,170.0,160.0,94000,25900,https://res.cloudinary.com/kamux/image/upload/v1762433463/prod_v2/5c71f708-aba9-4e9f-bac8-19d81637ba1e.pdf,False,False
BMW,i4,BMW i4,2022,PASSENGER_CAR,Lappeenranta,2025-10-03T00:00:00Z,2022-03-08T22:00:00Z,2025-08-29T00:00:00Z,2025-10-03T00:00:00Z,84.0,590,250.0,190.0,116000,31690,https://res.cloudinary.com/kamux/image/upload/v1763380085/prod_v2/1d737a45-eee4-4ba6-b123-507045817282.pdf,False,False
Tesla,Model 3,Tesla Model 3,2019,PASSENGER_CAR,Kaarina,2023-10-10T21:00:00Z,2019-07-03T21:00:00Z,2026-02-03T00:00:00Z,2025-12-01T22:00:00Z,54.0,491,211.0,225.0,227000,16600,https://res.cloudinary.com/kamux/image/upload/v1770129137/prod_v2/4c7ea82e-eab6-4b69-8953-ad35eac51bf5.pdf,False,False
Tesla,Model 3,Tesla Model 3,2019,PASSENGER_CAR,Hämeenlinna,2019-03-06T22:00:00Z,2019-03-06T22:00:00Z,2026-02-06T00:00:00Z,2024-08-12T21:00:00Z,75.0,602,340.0,233.0,192000,19390,https://res.cloudinary.com/kamux/image/upload/v1770366197/prod_v2/1b7805c9-c05d-4ebd-8166-a62df04cf78c.pdf,False,False
Mercedes-Benz,Vito,Mercedes-Benz Vito,2019,VAN,Seinäjoki Worx,2022-06-02T21:00:00Z,2019-04-08T21:00:00Z,2025-12-05T00:00:00Z,2024-04-25T21:00:00Z,41.0,150,85.0,120.0,62000,14900,https://res.cloudinary.com/kamux/image/upload/v1767442085/prod_v2/a2cbc5b3-540a-4f57-97d3-25df39c62409.pdf,False,True
Kia,EV6,Kia EV6,2022,PASSENGER_CAR,Tuusula,,2022-08-07T21:00:00Z,2026-01-23T00:00:00Z,,77.4,480,239.0,188.0,49000,36800,https://res.cloudinary.com/kamux/image/upload/v1770295103/prod_v2/e0cfcfd1-41e8-4fd8-9555-966ba8bbab60.pdf,True,False
Hyundai,Ioniq 5,Hyundai Ioniq 5,2021,PASSENGER_CAR,Tuusula,,2021-11-17T22:00:00Z,2025-12-05T00:00:00Z,,73.0,481,160.0,185.0,61000,26890,https://res.cloudinary.com/kamux/image/upload/v1767019529/prod_v2/50339f78-2db7-4eb7-91c0-ae7188fdf466.pdf,True,False
Polestar,2,Polestar 2,2023,PASSENGER_CAR,Kokkola,2024-07-24T21:00:00Z,2022-11-15T22:00:00Z,2026-02-05T00:00:00Z,2024-07-24T00:00:00Z,78.0,482,350.0,205.0,58000,35680,https://res.cloudinary.com/kamux/image/upload/v1770308563/prod_v2/a6595f47-8b2d-4459-b997-ec7886f9b503.pdf,False,False
Audi,e-tron,Audi e-tron,2021,PASSENGER_CAR,Kuopio Worx,2024-05-15T21:00:00Z,2021-02-01T22:00:00Z,2026-02-10T10:17:34.184Z,2025-01-13T22:00:00Z,95.0,378,300.0,200.0,129000,32980,https://res.cloudinary.com/kamux/image/upload/v1769429567/prod_v2/3fdc1eba-6f07-4e02-81c1-ec4a315411e6.pdf,False,False
Mercedes-Benz,EQC,Mercedes-Benz EQC,2020,PASSENGER_CAR,Jyväskylä,2021-12-09T22:00:00Z,2020-06-04T21:00:00Z,2026-01-29T00:00:00Z,2024-05-15T21:00:00Z,80.0,472,300.0,180.0,120000,30480,https://res.cloudinary.com/kamux/image/upload/v1770460218/prod_v2/290f98fe-f6e4-4f8d-ba25-468028d05784.pdf,False,False
Tesla,Model 3,Tesla Model 3,2021,PASSENGER_CAR,Oulunportti,2021-09-14T21:00:00Z,2021-09-14T21:00:00Z,2026-01-21T00:00:00Z,2025-10-02T21:00:00Z,55.0,491,208.0,225.0,111000,21990,https://res.cloudinary.com/kamux/image/upload/v1770196322/prod_v2/92186a26-6b1b-4679-bb25-969d13f04d11.pdf,False,False
Kia,e-Niro,Kia e-Niro,2019,PASSENGER_CAR,Kamux Verkkokauppa,,2019-05-09T21:00:00Z,2026-01-15T00:00:00Z,,64.0,455,150.0,155.0,108000,18900,https://res.cloudinary.com/kamux/image/upload/v1768469681/prod_v2/5f6db04e-9470-4ef1-b8ad-adb80a4a1d35.pdf,True,False
Nissan,Leaf,Nissan Leaf,2019,PASSENGER_CAR,Lempäälä Ideapark,2022-07-17T21:00:00Z,2018-08-12T21:00:00Z,2026-01-12T00:00:00Z,2025-01-09T22:00:00Z,40.0,270,110.0,144.0,142000,9800,https://res.cloudinary.com/kamux/image/upload/v1768382820/prod_v2/708282e9-3ded-469c-a8df-397551183fc0.pdf,False,False
Volvo,C40,Volvo C40,2024,PASSENGER_CAR,Lempäälä Ideapark,2026-01-14T00:00:00Z,2024-01-10T22:00:00Z,2025-12-04T00:00:00Z,2025-12-30T00:00:00Z,82.0,582,185.0,180.0,83000,33990,https://res.cloudinary.com/kamux/image/upload/v1766398956/prod_v2/65187125-f870-468b-8027-83f94815a58d.pdf,False,False
Volvo,XC40,Volvo XC40,2023,PASSENGER_CAR,Lempäälä Ideapark,2026-01-14T00:00:00Z,2022-09-01T21:00:00Z,2025-12-08T00:00:00Z,2025-12-23T00:00:00Z,69.0,425,170.0,160.0,121000,26350,https://res.cloudinary.com/kamux/image/upload/v1769775946/prod_v2/bdfffe90-7f5b-46ad-a2d4-83341086a1d6.pdf,False,False
Kia,EV3,Kia EV3,2025,PASSENGER_CAR,Lempäälä Ideapark,2025-10-30T00:00:00Z,2025-10-14T21:00:00Z,2025-10-20T00:00:00Z,2025-10-30T00:00:00Z,58.0,410,150.0,170.0,1000,32800,https://res.cloudinary.com/kamux/image/upload/v1769178538/prod_v2/b22fb6e5-c4f2-4033-afc7-f05734dcc0f6.pdf,False,False
Volkswagen,ID. Buzz,Volkswagen ID. Buzz,2023,PASSENGER_CAR,Lempäälä Ideapark,2025-10-16T00:00:00Z,2022-12-04T22:00:00Z,2025-09-25T00:00:00Z,2025-10-16T00:00:00Z,82.0,423,150.0,145.0,64000,39870,https://res.cloudinary.com/kamux/image/upload/v1767783959/prod_v2/47febca5-90d4-4ce4-8b87-f0a4e72ac666.pdf,False,False
Citroen,e-C4 X,Citroen e-C4 X,2023,PASSENGER_CAR,Lempäälä Ideapark,2025-10-27T00:00:00Z,2023-05-21T21:00:00Z,2025-08-27T00:00:00Z,2025-10-27T00:00:00Z,50.0,360,100.0,150.0,27000,19400,https://res.cloudinary.com/kamux/image/upload/v1760615789/prod_v2/1762f4ee-d7a4-4cfa-8734-b8b5d87a7ad2.pdf,False,False
Nissan,Ariya,Nissan Ariya,2022,PASSENGER_CAR,Lempäälä Ideapark,2025-09-10T00:00:00Z,2022-08-30T21:00:00Z,2025-08-27T00:00:00Z,2025-09-10T00:00:00Z,63.0,402,160.0,160.0,53000,27990,https://res.cloudinary.com/kamux/image/upload/v1766058822/prod_v2/25a8d5f7-f588-4c32-b2fe-257926ae083b.pdf,False,False
Volkswagen,ID.4,Volkswagen ID.4,2022,PASSENGER_CAR,Hyvinkää,2025-11-06T00:00:00Z,2022-05-06T21:00:00Z,2025-10-10T00:00:00Z,2025-11-05T22:00:00Z,82.0,511,150.0,160.0,55000,26190,https://res.cloudinary.com/kamux/image/upload/v1768306463/prod_v2/288902e0-416f-4909-85c7-42e8064d33c3.pdf,False,False
Tesla,Model Y,Tesla Model Y,2023,PASSENGER_CAR,Hyvinkää,2026-01-30T00:00:00Z,2023-05-14T21:00:00Z,2026-01-12T00:00:00Z,2026-01-28T00:00:00Z,82.0,533,378.0,217.0,59000,36890,https://res.cloudinary.com/kamux/image/upload/v1769165870/prod_v2/0c81fd1e-6642-4330-b79a-300ac71af6cc.pdf,False,False
Volvo,XC40,Volvo XC40,2023,PASSENGER_CAR,Forssa,2025-12-22T00:00:00Z,2022-09-15T21:00:00Z,2025-12-11T00:00:00Z,2025-12-18T00:00:00Z,78.0,438,300.0,180.0,104000,30790,https://res.cloudinary.com/kamux/image/upload/v1765966157/prod_v2/3a0f866b-d2e8-4d01-bc77-8e5aeb0c2740.pdf,False,False
Volkswagen,ID.4,Volkswagen ID.4,2022,PASSENGER_CAR,Forssa,2025-11-27T00:00:00Z,2021-10-03T21:00:00Z,2025-11-10T00:00:00Z,2025-11-27T00:00:00Z,82.0,510,150.0,160.0,21000,32880,https://res.cloudinary.com/kamux/image/upload/v1764227746/prod_v2/32237d56-771a-41cc-abad-4af58dcb607f.pdf,False,False
Polestar,2,Polestar 2,2021,PASSENGER_CAR,Forssa,2024-03-04T22:00:00Z,2020-09-22T21:00:00Z,2026-01-12T00:00:00Z,2025-11-03T22:00:00Z,78.0,482,300.0,205.0,134000,26890,https://res.cloudinary.com/kamux/image/upload/v1768212384/prod_v2/0d008825-a6d9-4f33-a5b1-a42d4793c4a8.pdf,False,False
Volkswagen,ID.4,Volkswagen ID.4,2025,PASSENGER_CAR,Espoo Niittykumpu,2026-01-27T00:00:00Z,2025-04-22T21:00:00Z,2026-01-09T00:00:00Z,2026-01-26T22:00:00Z,82.0,480,250.0,180.0,10000,48400,https://res.cloudinary.com/kamux/image/upload/v1769510532/prod_v2/5b811b51-2875-4aa9-b02f-7ebd1188e8b1.pdf,False,False
Mercedes-Benz,EQC,Mercedes-Benz EQC,2021,PASSENGER_CAR,Oulu Limingantulli,,2021-01-18T22:00:00Z,2025-12-10T00:00:00Z,2026-01-27T00:00:00Z,80.0,410,300.0,180.0,96000,35490,https://res.cloudinary.com/kamux/image/upload/v1766389845/prod_v2/331784fd-0cdf-4145-9451-840fe64be92c.pdf,True,False
Volkswagen,ID.4,Volkswagen ID.4,2023,PASSENGER_CAR,Espoo Friisilä,2025-12-17T00:00:00Z,2022-10-12T21:00:00Z,2025-12-04T00:00:00Z,2025-12-17T00:00:00Z,82.0,510,150.0,160.0,31000,32790,https://res.cloudinary.com/kamux/image/upload/v1765964651/prod_v2/1cca550f-df3c-484b-90e7-65e43b246504.pdf,False,False
Volkswagen,ID.5,Volkswagen ID.5,2022,PASSENGER_CAR,Tuusula,2022-11-30T22:00:00Z,2022-11-30T22:00:00Z,2026-02-05T00:00:00Z,,77.0,513,128.0,160.0,82000,24900,https://res.cloudinary.com/kamux/image/upload/v1770465744/prod_v2/bd9b6258-393d-4ff2-b49e-79421784bae1.pdf,False,False
Volkswagen,ID.3,Volkswagen ID.3,2022,PASSENGER_CAR,Oulu Limingantulli,2025-12-31T00:00:00Z,2021-12-02T22:00:00Z,2025-11-27T00:00:00Z,2025-12-29T00:00:00Z,58.0,422,150.0,160.0,88000,19480,https://res.cloudinary.com/kamux/image/upload/v1768306119/prod_v2/dbd08924-199b-44dd-908c-6909ad08f8e9.pdf,False,False
Polestar,2,Polestar 2,2023,PASSENGER_CAR,Lohja,2025-06-30T21:00:00Z,2022-12-19T22:00:00Z,2026-02-06T00:00:00Z,2025-05-05T00:00:00Z,69.0,478,170.0,160.0,77000,25800,https://res.cloudinary.com/kamux/image/upload/v1770377701/prod_v2/02b8b499-57c2-47ad-adc9-7d88d039bb92.pdf,False,False
Volkswagen,ID.3,Volkswagen ID.3,2021,PASSENGER_CAR,Oulunportti,2025-02-27T22:00:00Z,2021-12-20T22:00:00Z,2026-01-28T00:00:00Z,2025-02-23T22:00:00Z,62.0,422,150.0,160.0,82000,20790,https://res.cloudinary.com/kamux/image/upload/v1770184844/prod_v2/e4d7a7fa-d369-4001-8be7-eeb5d5131774.pdf,False,False
BMW,i4 M50,BMW i4 M50,2023,PASSENGER_CAR,Porvoo,,2022-11-28T22:00:00Z,2026-01-29T00:00:00Z,,83.9,520,400.0,225.0,44000,48350,https://res.cloudinary.com/kamux/image/upload/v1770301184/prod_v2/f11ce157-3d4c-44d4-af8e-f18c27bff81c.pdf,True,False
Mercedes-Benz,EQB,Mercedes-Benz EQB,2024,PASSENGER_CAR,Espoo Niittykumpu,,2024-05-14T00:00:00Z,2025-12-23T00:00:00Z,,70.0,535,140.0,160.0,22000,36200,https://res.cloudinary.com/kamux/image/upload/v1770463694/prod_v2/540f6672-db05-42b9-8748-416af2b40d72.pdf,True,False
Polestar,2,Polestar 2,2021,PASSENGER_CAR,Seinäjoki,2023-01-27T00:00:00Z,2021-10-19T21:00:00Z,2025-11-27T00:00:00Z,2025-11-07T00:00:00Z,78.0,482,300.0,205.0,96000,26590,https://res.cloudinary.com/kamux/image/upload/v1764589120/prod_v2/3551694a-ce3b-4b33-8456-d893b6e53e7c.pdf,False,False
Volkswagen,ID.3,Volkswagen ID.3,2021,PASSENGER_CAR,Järvenpää,,2021-06-15T21:00:00Z,2025-10-21T00:00:00Z,2025-11-19T00:00:00Z,58.0,420,107.0,160.0,75000,18490,https://res.cloudinary.com/kamux/image/upload/v1763546480/prod_v2/3eadb4c5-9c09-46df-b7b0-deda2668a921.pdf,True,False
Hyundai,Ioniq 5,Hyundai Ioniq 5,2022,PASSENGER_CAR,Espoo Niittykumpu,2025-07-03T00:00:00Z,2022-05-02T21:00:00Z,2025-06-12T00:00:00Z,2025-06-30T00:00:00Z,73.0,460,224.0,185.0,99000,26980,https://res.cloudinary.com/kamux/image/upload/v1762945736/prod_v2/2014cef9-eec8-40b7-bff2-1859a945f172.pdf,False,False
Tesla,Model X,Tesla Model X,2017,PASSENGER_CAR,Raisio,2024-10-20T21:00:00Z,2017-12-20T22:00:00Z,2025-11-30T00:00:00Z,2025-11-16T22:00:00Z,75.0,386,244.0,,109000,29890,https://res.cloudinary.com/kamux/image/upload/v1763122945/prod_v2/67ff1649-67a8-495b-8274-c8deda222863.pdf,False,False
BMW,iX3,BMW iX3,2021,PASSENGER_CAR,Raisio,2022-07-26T21:00:00Z,2021-05-02T21:00:00Z,2025-12-02T00:00:00Z,2025-02-13T22:00:00Z,80.0,459,210.0,180.0,126000,30390,https://res.cloudinary.com/kamux/image/upload/v1765896712/prod_v2/e377632d-b670-4304-8b84-7292b537e4c1.pdf,False,False
BMW,iX1,BMW iX1,2023,PASSENGER_CAR,Raisio,2025-12-31T00:00:00Z,2023-06-29T21:00:00Z,2025-10-24T00:00:00Z,2025-12-31T00:00:00Z,68.0,440,230.0,180.0,33000,36480,https://res.cloudinary.com/kamux/image/upload/v1765554163/prod_v2/7ec5c131-26f4-4146-ab68-6067504379cf.pdf,False,False
Polestar,2,Polestar 2,2024,PASSENGER_CAR,Porvoo,2025-12-17T00:00:00Z,2024-05-19T21:00:00Z,2025-11-21T00:00:00Z,2025-12-11T00:00:00Z,82.0,591,310.0,205.0,39000,42880,https://res.cloudinary.com/kamux/image/upload/v1764665458/prod_v2/87bf85ea-93be-45d1-981d-b3ffd64f1c65.pdf,False,False
Audi,e-tron,Audi e-tron,2019,PASSENGER_CAR,Raisio,,2019-03-10T22:00:00Z,2025-10-10T00:00:00Z,2026-01-30T00:00:00Z,95.0,359,300.0,200.0,92000,30750,https://res.cloudinary.com/kamux/image/upload/v1762879269/prod_v2/16f8b7cf-9d8b-4770-9849-8283fa831289.pdf,True,False
Tesla,Model 3,Tesla Model 3,2021,PASSENGER_CAR,Vantaa Airport,2021-02-17T22:00:00Z,2021-02-17T22:00:00Z,2026-01-21T00:00:00Z,2025-04-01T21:00:00Z,75.0,580,258.0,233.0,141000,24380,https://res.cloudinary.com/kamux/image/upload/v1769085491/prod_v2/b975b662-f24f-4d28-be4f-1aa7619b7fda.pdf,False,False
Hyundai,Ioniq 5,Hyundai Ioniq 5,2022,PASSENGER_CAR,Vantaa Varisto,2022-10-23T21:00:00Z,2022-04-13T21:00:00Z,2026-02-05T00:00:00Z,2026-02-03T22:00:00Z,73.0,480,160.0,185.0,150000,20880,https://res.cloudinary.com/kamux/image/upload/v1770298201/prod_v2/020c5b3d-f84b-47dd-a957-698548aaf4fb.pdf,False,False
Volkswagen,ID.4,Volkswagen ID.4,2023,PASSENGER_CAR,Raisio,2023-03-02T22:00:00Z,2023-03-02T22:00:00Z,2026-02-04T00:00:00Z,,82.0,547,220.0,180.0,92000,31290,https://res.cloudinary.com/kamux/image/upload/v1770118434/prod_v2/8fcf2361-c488-474e-867d-544e3f74b60d.pdf,False,False
BMW,i3,BMW i3,2022,PASSENGER_CAR,Pori,2024-11-13T22:00:00Z,2022-09-27T21:00:00Z,2026-01-08T00:00:00Z,2024-11-13T22:00:00Z,42.0,310,125.0,150.0,39000,21500,https://res.cloudinary.com/kamux/image/upload/v1769160695/prod_v2/48b2234f-034c-4316-b110-2b0579682b8f.pdf,False,False
Nissan,Leaf,Nissan Leaf,2021,PASSENGER_CAR,Helsinki Herttoniemi,2020-09-09T21:00:00Z,2020-09-09T21:00:00Z,2025-12-23T00:00:00Z,2025-02-26T22:00:00Z,40.0,270,160.0,144.0,127000,10490,https://res.cloudinary.com/kamux/image/upload/v1768307586/prod_v2/7dfe0835-84f3-4fae-8750-01ebbb5fe08c.pdf,False,False
Volkswagen,Up!,Volkswagen Up!,2020,PASSENGER_CAR,Helsinki Herttoniemi,,2020-09-29T21:00:00Z,2025-11-21T00:00:00Z,,36.0,258,61.0,130.0,19000,14490,https://res.cloudinary.com/kamux/image/upload/v1769180932/prod_v2/617f72fb-0023-4f89-b5c4-7f5117b8b28c.pdf,True,False
Polestar,2,Polestar 2,2024,PASSENGER_CAR,Helsinki Herttoniemi,2026-01-27T00:00:00Z,2024-06-17T21:00:00Z,2025-12-16T00:00:00Z,2026-01-16T00:00:00Z,82.0,591,310.0,205.0,35000,43590,https://res.cloudinary.com/kamux/image/upload/v1766138136/prod_v2/4ac06ddd-2968-40a5-a619-1e7963288b0c.pdf,False,False
Tesla,Model 3,Tesla Model 3,2020,PASSENGER_CAR,Tuusula,2020-09-25T00:00:00Z,2020-09-24T21:00:00Z,2026-01-30T00:00:00Z,2026-01-23T00:00:00Z,55.0,415,211.0,225.0,78000,21780,https://res.cloudinary.com/kamux/image/upload/v1770213046/prod_v2/83639863-3f2d-441a-ada9-7a24097cd1f0.pdf,False,False
Audi,e-tron,Audi e-tron,2022,PASSENGER_CAR,Raisio,2026-02-04T22:00:00Z,2022-07-13T21:00:00Z,2026-01-13T00:00:00Z,2026-02-04T22:00:00Z,95.0,369,300.0,200.0,45000,42900,https://res.cloudinary.com/kamux/image/upload/v1770299874/prod_v2/3c8cb0ad-eb1e-49b6-be76-ade07699894d.pdf,True,False
Volvo,XC40,Volvo XC40,2023,PASSENGER_CAR,Tuusula,2025-12-05T00:00:00Z,2023-03-01T22:00:00Z,2025-11-13T00:00:00Z,2025-12-02T00:00:00Z,78.0,438,300.0,180.0,109000,30790,https://res.cloudinary.com/kamux/image/upload/v1763631234/prod_v2/2433ac6b-fd9f-45f1-804d-850dda8e2041.pdf,False,False
Tesla,Model 3,Tesla Model 3,2021,PASSENGER_CAR,Kouvola,2021-11-08T22:00:00Z,2021-11-08T22:00:00Z,2025-12-12T00:00:00Z,2025-08-12T21:00:00Z,54.0,448,208.0,225.0,86000,23260,https://res.cloudinary.com/kamux/image/upload/v1766400069/prod_v2/be7217a6-815d-4354-a9b4-1e741ac06592.pdf,False,False
Volvo,XC40,Volvo XC40,2020,PASSENGER_CAR,Espoo Niittykumpu,2025-06-05T21:00:00Z,2020-12-01T22:00:00Z,2026-02-03T00:00:00Z,2025-06-04T21:00:00Z,78.0,418,300.0,180.0,86000,29890,https://res.cloudinary.com/kamux/image/upload/v1770026612/prod_v2/3473b30c-a77f-4e65-9a4a-95e0a284222e.pdf,False,False
Volkswagen,Up!,Volkswagen Up!,2020,PASSENGER_CAR,Tuusula,,2020-09-29T21:00:00Z,2025-11-13T00:00:00Z,2025-12-18T00:00:00Z,36.8,258,61.0,130.0,8000,14560,https://res.cloudinary.com/kamux/image/upload/v1764922577/prod_v2/17b59e13-3e95-4e3a-bd9b-07c6e8b3c0ea.pdf,True,False
Tesla,Model 3,Tesla Model 3,2019,PASSENGER_CAR,Tuusula,,2019-06-29T21:00:00Z,2025-12-18T00:00:00Z,2026-01-13T00:00:00Z,75.0,560,340.0,233.0,147000,22790,https://res.cloudinary.com/kamux/image/upload/v1768231695/prod_v2/6fe30787-2eba-45d9-9820-00afeb5062fa.pdf,True,False
Peugeot,e-2008,Peugeot e-2008,2022,PASSENGER_CAR,Tuusula,2022-07-29T00:00:00Z,2022-07-28T21:00:00Z,2026-01-14T00:00:00Z,,50.0,342,100.0,150.0,91000,14890,https://res.cloudinary.com/kamux/image/upload/v1769155367/prod_v2/86bcee48-5e8f-4f9f-87ef-5201b6e21c9b.pdf,False,False
Renault,Zoe,Renault Zoe,2017,PASSENGER_CAR,Tuusula,2022-04-21T00:00:00Z,2016-09-28T21:00:00Z,2026-01-22T00:00:00Z,2024-02-20T00:00:00Z,22.0,160,50.0,135.0,121000,5900,https://res.cloudinary.com/kamux/image/upload/v1768986310/prod_v2/0f954b4b-eba5-4d7a-a416-54b4e66c0020.pdf,False,False
Opel,Corsa-e,Opel Corsa-e,2021,PASSENGER_CAR,Espoo Niittykumpu,2021-01-14T22:00:00Z,2021-01-14T22:00:00Z,2026-02-03T00:00:00Z,2025-01-12T22:00:00Z,1.0,337,100.0,150.0,50000,14190,https://res.cloudinary.com/kamux/image/upload/v1770110059/prod_v2/333ecb74-b7e8-49ff-9cbf-3f10127e1002.pdf,False,False
BMW,iX1,BMW iX1,2023,PASSENGER_CAR,Vantaa Airport,,2023-10-09T21:00:00Z,2025-10-10T00:00:00Z,2025-11-04T00:00:00Z,68.0,440,230.0,180.0,35000,36890,https://res.cloudinary.com/kamux/image/upload/v1763804242/prod_v2/cb001c97-3911-464b-a1a8-e4e03c4baaa2.pdf,True,False
Toyota,bZ4X,Toyota bZ4X,2023,PASSENGER_CAR,Pori,2023-08-23T21:00:00Z,2023-08-23T21:00:00Z,2026-01-20T00:00:00Z,,71.4,500,,160.0,46000,29470,https://res.cloudinary.com/kamux/image/upload/v1770389319/prod_v2/f2ac1c9c-942c-47f4-89b7-b392e5c3431b.pdf,False,False
Nissan,Leaf,Nissan Leaf,2022,PASSENGER_CAR,Hyvinkää,2026-01-29T22:00:00Z,2022-05-17T21:00:00Z,2025-12-16T00:00:00Z,2026-01-18T22:00:00Z,64.0,270,160.0,157.0,18000,19690,https://res.cloudinary.com/kamux/image/upload/v1767367456/prod_v2/53fb33c7-b18d-49cb-86eb-489349bc8077.pdf,False,False
Volvo,C40,Volvo C40,2023,PASSENGER_CAR,Raisio,2026-02-04T00:00:00Z,2023-01-08T22:00:00Z,2025-12-02T00:00:00Z,2026-01-23T00:00:00Z,69.0,438,170.0,160.0,47000,30880,https://res.cloudinary.com/kamux/image/upload/v1768048269/prod_v2/c42f084a-c963-4081-991a-8e451def3b4c.pdf,False,False
Volvo,XC40,Volvo XC40,2023,PASSENGER_CAR,Oulunportti,2026-02-04T00:00:00Z,2022-10-25T21:00:00Z,2025-12-02T00:00:00Z,2026-01-09T00:00:00Z,78.0,438,300.0,180.0,62000,34490,https://res.cloudinary.com/kamux/image/upload/v1770184844/prod_v2/9db5a838-5666-4074-a4bf-bed8701e41e8.pdf,False,False
Polestar,2,Polestar 2,2024,PASSENGER_CAR,Raisio,2026-02-03T00:00:00Z,2024-01-02T22:00:00Z,2026-01-21T00:00:00Z,2026-01-29T00:00:00Z,82.0,591,310.0,205.0,60000,41800,https://res.cloudinary.com/kamux/image/upload/v1770205129/prod_v2/358da700-7142-428f-bce7-e22d984781a4.pdf,False,False
Tesla,Model X,Tesla Model X,2016,PASSENGER_CAR,Tampere Lakalaiva,2020-09-08T21:00:00Z,2016-09-19T21:00:00Z,2025-10-03T00:00:00Z,2024-08-18T21:00:00Z,85.8,390,345.0,250.0,136000,30690,https://res.cloudinary.com/kamux/image/upload/v1759498799/prod_v2/14a68417-11ab-4108-a36e-980af839a50a.pdf,False,False
BMW,iX,BMW iX,2022,PASSENGER_CAR,Helsinki Malmi,2026-01-30T00:00:00Z,2022-07-10T21:00:00Z,2025-12-02T00:00:00Z,2026-01-29T00:00:00Z,77.0,426,240.0,200.0,55000,44580,https://res.cloudinary.com/kamux/image/upload/v1765881432/prod_v2/751cbdaf-e815-49d4-916e-d073796c89c6.pdf,True,False
Peugeot,e-308,Peugeot e-308,2024,PASSENGER_CAR,Tampere Lakalaiva,,2024-06-27T21:00:00Z,2025-10-16T00:00:00Z,2025-12-05T00:00:00Z,54.0,410,115.0,170.0,18000,31990,https://res.cloudinary.com/kamux/image/upload/v1769679351/prod_v2/3f280502-473d-4ca2-a459-129f4b22f9ff.pdf,True,False
Skoda,Enyaq,Skoda Enyaq,2022,PASSENGER_CAR,Vantaa Varisto,2022-12-09T00:00:00Z,2022-12-08T22:00:00Z,2026-01-08T00:00:00Z,,80.0,521,195.0,160.0,77000,31790,https://res.cloudinary.com/kamux/image/upload/v1768825755/prod_v2/3936a9f5-bdd1-4881-b858-da5b5e850f27.pdf,False,False
Skoda,Enyaq,Skoda Enyaq,2022,PASSENGER_CAR,Tampere Lakalaiva,2025-11-26T00:00:00Z,2022-08-14T21:00:00Z,2025-10-24T00:00:00Z,2025-11-26T00:00:00Z,82.0,510,150.0,160.0,24000,32990,https://res.cloudinary.com/kamux/image/upload/v1764141743/prod_v2/1320ae62-1657-4d9e-8cb3-3417d8e18670.pdf,False,False
MG,MG4,MG MG4,2023,PASSENGER_CAR,Espoo Koskelo,,2023-10-19T21:00:00Z,2026-01-20T00:00:00Z,,51.0,350,125.0,160.0,6000,18490,https://res.cloudinary.com/kamux/image/upload/v1770110059/prod_v2/715b48a4-0e63-4b9d-a382-760c9078ea8e.pdf,True,False
Volkswagen,ID.3,Volkswagen ID.3,2022,PASSENGER_CAR,Pori,2025-12-12T00:00:00Z,2021-11-15T22:00:00Z,2025-12-02T00:00:00Z,2025-12-12T00:00:00Z,62.0,420,150.0,160.0,47000,21700,https://res.cloudinary.com/kamux/image/upload/v1769592757/prod_v2/5f8bedf8-2abe-409e-9866-5e05e730ece3.pdf,False,False
Tesla,Model S,Tesla Model S,2018,PASSENGER_CAR,Pori,2024-08-27T21:00:00Z,2018-12-20T22:00:00Z,2026-01-23T00:00:00Z,2024-08-27T21:00:00Z,100.0,632,,250.0,163000,27800,https://res.cloudinary.com/kamux/image/upload/v1769177425/prod_v2/76eb6928-54cd-4455-bfd0-8c314149810b.pdf,False,False
Volkswagen,ID.4,Volkswagen ID.4,2022,PASSENGER_CAR,Kuopio,2022-02-03T22:00:00Z,2022-02-03T22:00:00Z,2025-12-22T00:00:00Z,,82.0,480,220.0,180.0,134000,25380,https://res.cloudinary.com/kamux/image/upload/v1766404117/prod_v2/d763bcc1-c0ac-4ab5-b4e4-82a7c1f70acf.pdf,False,False
Mercedes-Benz,EQC,Mercedes-Benz EQC,2020,PASSENGER_CAR,Pori,2024-11-29T22:00:00Z,2020-05-14T00:00:00Z,2025-12-30T00:00:00Z,2024-11-29T22:00:00Z,80.0,472,300.0,180.0,91000,32690,https://res.cloudinary.com/kamux/image/upload/v1767800151/prod_v2/b50df210-1ea2-48b0-bb54-9ef8d4fc696d.pdf,False,False
Volkswagen,ID.3,Volkswagen ID.3,2024,PASSENGER_CAR,Turku,,2023-09-24T21:00:00Z,2026-01-13T00:00:00Z,,62.0,425,150.0,160.0,7000,28790,https://res.cloudinary.com/kamux/image/upload/v1770054730/prod_v2/59ffc250-399f-4a2f-8f8e-42facaacc6d5.pdf,True,False
Volkswagen,ID.3,Volkswagen ID.3,2022,PASSENGER_CAR,Tampere Lakalaiva,2025-12-09T00:00:00Z,2022-08-28T21:00:00Z,2025-11-27T00:00:00Z,2025-12-09T00:00:00Z,82.0,550,150.0,160.0,62000,23990,https://res.cloudinary.com/kamux/image/upload/v1765278355/prod_v2/f159be26-046a-44c1-a678-081d25f2fbfc.pdf,False,False
Tesla,Model 3,Tesla Model 3,2019,PASSENGER_CAR,Iisalmi,,2019-06-24T21:00:00Z,2026-01-07T00:00:00Z,2026-01-28T00:00:00Z,75.0,530,340.0,233.0,131000,24900,https://res.cloudinary.com/kamux/image/upload/v1770182826/prod_v2/cd3f92ee-30a3-4cc8-b944-f9c6b775f29c.pdf,True,False
Volkswagen,ID.5,Volkswagen ID.5,2022,PASSENGER_CAR,Tampere Lakalaiva,2022-06-29T21:00:00Z,2022-06-29T21:00:00Z,2025-12-12T00:00:00Z,,82.0,513,150.0,160.0,119000,24980,https://res.cloudinary.com/kamux/image/upload/v1765549787/prod_v2/b2af6c2a-82d9-461c-aa56-757bb2a7277d.pdf,False,False
Audi,e-tron,Audi e-tron,2023,PASSENGER_CAR,Tampere Lakalaiva,2025-12-22T00:00:00Z,2022-11-08T22:00:00Z,2025-12-10T00:00:00Z,2025-12-22T00:00:00Z,95.0,440,300.0,200.0,98000,32400,https://res.cloudinary.com/kamux/image/upload/v1770206258/prod_v2/6a16c0a3-5b41-4e40-9061-0eca10b2c3a7.pdf,False,False
Skoda,Enyaq,Skoda Enyaq,2023,PASSENGER_CAR,Lahti,2022-12-02T00:00:00Z,2022-12-01T22:00:00Z,2026-02-03T00:00:00Z,,82.0,544,150.0,160.0,65000,33700,https://res.cloudinary.com/kamux/image/upload/v1770305266/prod_v2/700a12c7-aabf-4fe8-ba26-0ebdd8f89e52.pdf,False,False
Mercedes-Benz,EQE,Mercedes-Benz EQE,2023,PASSENGER_CAR,Tampere Lakalaiva,,2022-10-26T21:00:00Z,2025-12-15T00:00:00Z,2026-01-15T00:00:00Z,90.6,535,350.0,210.0,81000,52850,https://res.cloudinary.com/kamux/image/upload/v1768999793/prod_v2/0e81757c-4a9c-49e7-ac79-8ee64eb18c63.pdf,True,False
BMW,i4 M50,BMW i4 M50,2024,PASSENGER_CAR,Vantaa Airport,2025-12-11T00:00:00Z,2023-08-15T21:00:00Z,2025-11-19T00:00:00Z,2025-12-05T00:00:00Z,84.0,595,400.0,225.0,64000,51480,https://res.cloudinary.com/kamux/image/upload/v1769703018/prod_v2/68fbd4bd-55e4-435c-914b-1111ae7fdc88.pdf,False,False
Volkswagen,ID.4,Volkswagen ID.4,2023,PASSENGER_CAR,Tampere Lakalaiva,2025-12-29T00:00:00Z,2023-03-14T22:00:00Z,2025-12-12T00:00:00Z,2025-12-29T00:00:00Z,82.0,480,220.0,180.0,56000,32890,https://res.cloudinary.com/kamux/image/upload/v1767001297/prod_v2/13b69713-3518-4bc2-ae24-e214be56fd5a.pdf,False,False
BMW,i3,BMW i3,2022,PASSENGER_CAR,Tampere Lakalaiva,,2022-05-02T21:00:00Z,2025-12-18T00:00:00Z,2026-01-14T00:00:00Z,42.2,310,125.0,150.0,27000,22390,https://res.cloudinary.com/kamux/image/upload/v1768906434/prod_v2/06f2e6dc-40b4-4743-8619-04135a851e82.pdf,True,False
Audi,Q4 e-tron,Audi Q4 e-tron,2022,PASSENGER_CAR,Vantaa Airport,2025-12-11T00:00:00Z,2022-01-03T22:00:00Z,2025-11-19T00:00:00Z,2025-12-09T00:00:00Z,82.0,488,220.0,180.0,67000,34480,https://res.cloudinary.com/kamux/image/upload/v1762416256/prod_v2/aded4a22-aff3-4204-925f-1c88df8b57e3.pdf,False,False
Tesla,Model 3,Tesla Model 3,2019,PASSENGER_CAR,Tampere Lakalaiva,2022-08-16T21:00:00Z,2019-09-18T21:00:00Z,2026-01-09T00:00:00Z,2025-04-28T21:00:00Z,75.0,602,340.0,233.0,127000,20350,https://res.cloudinary.com/kamux/image/upload/v1769610893/prod_v2/e24101b6-6749-4be4-a9c8-15a50013d6ec.pdf,False,False
Citroen,C-Zero,Citroen C-Zero,2020,PASSENGER_CAR,Vantaa Airport,2021-08-16T00:00:00Z,2020-01-29T22:00:00Z,2026-01-14T00:00:00Z,2026-01-12T00:00:00Z,16.0,100,,130.0,50000,5850,https://res.cloudinary.com/kamux/image/upload/v1767970557/prod_v2/9eba08c0-2603-4841-aed1-c532dc14a222.pdf,False,False
Kia,EV9,Kia EV9,2024,PASSENGER_CAR,Porvoo,2026-01-28T00:00:00Z,2024-05-09T21:00:00Z,2025-12-08T00:00:00Z,2026-01-27T00:00:00Z,99.0,668,283.0,200.0,22000,69790,https://res.cloudinary.com/kamux/image/upload/v1769259964/prod_v2/a5b95d11-62c9-4a2c-a09f-c3880225fd71.pdf,False,False
Nissan,Leaf,Nissan Leaf,2021,PASSENGER_CAR,Jyväskylä,2024-02-05T22:00:00Z,2021-10-19T21:00:00Z,2026-02-04T00:00:00Z,2025-06-03T21:00:00Z,62.0,270,160.0,157.0,83000,17290,https://res.cloudinary.com/kamux/image/upload/v1770214161/prod_v2/8e2950c7-448c-43ea-959c-9929913afd3e.pdf,False,False
Toyota,bZ4X,Toyota bZ4X,2023,PASSENGER_CAR,Espoo Koskelo,2023-05-21T21:00:00Z,2023-05-21T21:00:00Z,2025-12-30T00:00:00Z,,71.4,500,150.0,160.0,111000,26790,https://res.cloudinary.com/kamux/image/upload/v1770366786/prod_v2/35514288-16b6-431b-9817-5845f0528535.pdf,False,False
BMW,iX,BMW iX,2022,PASSENGER_CAR,Espoo Niittykumpu,2026-01-27T00:00:00Z,2021-12-28T22:00:00Z,2026-01-14T00:00:00Z,2026-01-27T00:00:00Z,77.0,425,240.0,200.0,91000,43700,https://res.cloudinary.com/kamux/image/upload/v1770277635/prod_v2/36e21d3f-5ae9-4198-8c84-2929b466d10a.pdf,False,False
Volkswagen,ID.4,Volkswagen ID.4,2021,PASSENGER_CAR,Vantaa Varisto,2025-11-26T00:00:00Z,2021-10-10T21:00:00Z,2025-10-24T00:00:00Z,2025-11-26T00:00:00Z,82.0,511,150.0,160.0,65000,28490,https://res.cloudinary.com/kamux/image/upload/v1768307066/prod_v2/1beb95a3-05f2-464e-8950-f87fdf9e6acd.pdf,False,False
Opel,Mokka-e,Opel Mokka-e,2022,PASSENGER_CAR,Espoo Niittykumpu,2022-01-14T00:00:00Z,2022-01-13T22:00:00Z,2025-11-29T00:00:00Z,2026-01-22T00:00:00Z,50.0,322,100.0,150.0,33000,16980,https://res.cloudinary.com/kamux/image/upload/v1764417679/prod_v2/2eef6884-a2c8-4bc4-bd6d-31802baddb1a.pdf,False,False
BMW,i4 M50,BMW i4 M50,2022,PASSENGER_CAR,Porvoo,,2022-11-11T00:00:00Z,2026-01-23T00:00:00Z,,83.0,520,400.0,,74000,47400,https://res.cloudinary.com/kamux/image/upload/v1770299874/prod_v2/213aaa78-fda2-454d-9e88-4092d0b1777b.pdf,False,False
Tesla,Model Y,Tesla Model Y,2021,PASSENGER_CAR,Jyväskylä,2021-12-29T22:00:00Z,2021-12-29T22:00:00Z,2026-01-30T00:00:00Z,2026-01-21T22:00:00Z,79.0,533,258.0,217.0,91000,30790,https://res.cloudinary.com/kamux/image/upload/v1770214538/prod_v2/9c1c36da-ce6a-4e0c-ba90-1a0355c68545.pdf,False,False
Skoda,Enyaq,Skoda Enyaq,2022,PASSENGER_CAR,Raisio,,2022-04-29T21:00:00Z,2025-10-10T00:00:00Z,,82.0,460,195.0,160.0,112000,28790,https://res.cloudinary.com/kamux/image/upload/v1765289987/prod_v2/f416c901-370b-4d47-ae6e-ac736ee79ef4.pdf,True,False
Mercedes-Benz,EQC,Mercedes-Benz EQC,2021,PASSENGER_CAR,Espoo Friisilä,2025-02-21T00:00:00Z,2020-10-04T21:00:00Z,2026-01-31T00:00:00Z,2025-01-21T00:00:00Z,85.0,432,300.0,180.0,90000,33790,https://res.cloudinary.com/kamux/image/upload/v1769866388/prod_v2/481a7516-8691-4cb8-a10a-d0efd6664c06.pdf,False,False
Volkswagen,ID.4,Volkswagen ID.4,2022,PASSENGER_CAR,Rauma,2025-12-29T00:00:00Z,2022-07-14T21:00:00Z,2025-12-12T00:00:00Z,2025-12-28T22:00:00Z,82.0,487,220.0,180.0,103000,28690,https://res.cloudinary.com/kamux/image/upload/v1768489299/prod_v2/14de4cd8-cb7f-49bd-92a4-b72a8b837a93.pdf,False,False
Toyota,bZ4X,Toyota bZ4X,2023,PASSENGER_CAR,Turku,2025-10-09T21:00:00Z,2023-03-12T22:00:00Z,2025-09-23T00:00:00Z,2025-10-09T00:00:00Z,71.0,511,150.0,160.0,17000,32900,https://res.cloudinary.com/kamux/image/upload/v1767344773/prod_v2/26cbe28f-2b31-4c99-a1b6-b5befa0ff76d.pdf,False,False
Polestar,2,Polestar 2,2022,PASSENGER_CAR,Rauma,2025-01-23T22:00:00Z,2021-11-15T22:00:00Z,2026-01-20T00:00:00Z,2024-12-30T22:00:00Z,1.0,1,,160.0,42000,29990,https://res.cloudinary.com/kamux/image/upload/v1768575914/prod_v2/750b7ff7-cb03-4edc-83e8-8b3b78031d9e.pdf,False,False
Mini,Cooper,Mini Cooper,2021,PASSENGER_CAR,Rauma,2023-09-05T21:00:00Z,2021-03-10T22:00:00Z,2025-12-20T00:00:00Z,2025-03-14T22:00:00Z,32.6,237,135.0,150.0,19000,17990,https://res.cloudinary.com/kamux/image/upload/v1768306743/prod_v2/a9b5403c-3763-49db-a762-6117e26f065f.pdf,False,False
Volkswagen,ID.5,Volkswagen ID.5,2022,PASSENGER_CAR,Porvoo,2026-01-14T00:00:00Z,2022-10-13T21:00:00Z,2025-12-08T00:00:00Z,2026-01-12T00:00:00Z,82.0,512,220.0,180.0,37000,33800,https://res.cloudinary.com/kamux/image/upload/v1767867447/prod_v2/cf913f9f-c423-4fb6-8f32-19f218f20fa2.pdf,False,False
Volkswagen,ID.3,Volkswagen ID.3,2022,PASSENGER_CAR,Porvoo,2025-12-19T00:00:00Z,2021-12-27T22:00:00Z,2025-12-03T00:00:00Z,2025-12-18T00:00:00Z,58.0,426,150.0,160.0,63000,20580,https://res.cloudinary.com/kamux/image/upload/v1765961389/prod_v2/b1621603-83bf-4327-a5c1-9fd4e41ca55d.pdf,False,False
Volkswagen,ID.3,Volkswagen ID.3,2021,PASSENGER_CAR,Jyväskylä,2023-08-24T21:00:00Z,2020-11-04T22:00:00Z,2026-01-09T00:00:00Z,2025-07-10T21:00:00Z,58.0,420,150.0,160.0,124000,17190,https://res.cloudinary.com/kamux/image/upload/v1768305862/prod_v2/41580930-7711-48fd-9b2f-26451aa3fc9f.pdf,False,False
Volkswagen,ID.3,Volkswagen ID.3,2021,PASSENGER_CAR,Hyvinkää,2020-12-31T00:00:00Z,2020-12-30T22:00:00Z,2026-01-05T00:00:00Z,2025-02-18T00:00:00Z,58.0,419,150.0,160.0,118000,17460,https://res.cloudinary.com/kamux/image/upload/v1767622686/prod_v2/9c231f41-2b1b-472c-aeb1-b62c50a983ba.pdf,False,False
Audi,e-tron,Audi e-tron,2023,PASSENGER_CAR,Helsinki Herttoniemi,2026-01-28T00:00:00Z,2022-11-30T22:00:00Z,2026-01-13T00:00:00Z,2026-01-28T00:00:00Z,95.0,441,300.0,200.0,50000,42900,https://res.cloudinary.com/kamux/image/upload/v1769603853/prod_v2/13afcc58-b37b-4402-b4aa-49c91f86cbaf.pdf,False,False
Volvo,XC40,Volvo XC40,2023,PASSENGER_CAR,Porvoo,2025-12-19T00:00:00Z,2023-03-09T22:00:00Z,2025-12-05T00:00:00Z,2025-12-18T00:00:00Z,82.0,425,170.0,160.0,82000,29340,https://res.cloudinary.com/kamux/image/upload/v1765973533/prod_v2/6fcc5141-cd4c-495f-aee9-6909ad946777.pdf,False,False
Nissan,Leaf,Nissan Leaf,2019,PASSENGER_CAR,Kotka,2019-08-01T21:00:00Z,2019-08-01T21:00:00Z,2026-02-03T00:00:00Z,2025-08-03T21:00:00Z,40.0,285,160.0,144.0,111000,10690,https://res.cloudinary.com/kamux/image/upload/v1770127299/prod_v2/5d8f91c0-5e2a-4a45-b6a5-511ce4e7fb0e.pdf,False,False
Tesla,Model 3,Tesla Model 3,2022,PASSENGER_CAR,Seinäjoki,2026-01-22T00:00:00Z,2022-09-01T21:00:00Z,2025-12-19T00:00:00Z,2026-01-20T00:00:00Z,82.0,612,366.0,233.0,85000,29880,https://res.cloudinary.com/kamux/image/upload/v1770112698/prod_v2/966348d8-c8b7-42bf-b658-184e37402816.pdf,False,False
Volkswagen,ID.3,Volkswagen ID.3,2021,PASSENGER_CAR,Kouvola,2021-12-27T00:00:00Z,2021-12-26T22:00:00Z,2026-01-14T00:00:00Z,2025-12-16T00:00:00Z,45.0,350,110.0,160.0,65000,16990,https://res.cloudinary.com/kamux/image/upload/v1768470649/prod_v2/5c8c9368-65b6-4600-a356-7c6c26adfb81.pdf,False,False
Volkswagen,ID.4,Volkswagen ID.4,2022,PASSENGER_CAR,Jyväskylä,2024-08-26T21:00:00Z,2021-12-21T22:00:00Z,2026-02-10T10:17:38.706Z,2025-10-16T21:00:00Z,82.0,480,220.0,180.0,87000,31990,https://res.cloudinary.com/kamux/image/upload/v1760772197/prod_v2/38423f7a-87f5-43c7-9afa-774df319b09e.pdf,False,False
Volkswagen,e-up!,Volkswagen e-up!,2015,PASSENGER_CAR,Raisio,2022-06-29T21:00:00Z,2015-07-15T21:00:00Z,2025-10-10T00:00:00Z,2025-06-29T21:00:00Z,20.0,160,60.0,130.0,139000,5790,https://res.cloudinary.com/kamux/image/upload/v1760095989/prod_v2/957d1864-dc6a-4592-84aa-fa871f73fc63.pdf,False,False
BMW,iX,BMW iX,2023,PASSENGER_CAR,Tampere Lakalaiva,,2022-12-27T22:00:00Z,2026-01-13T00:00:00Z,2026-01-23T00:00:00Z,76.6,630,385.0,200.0,87000,54490,https://res.cloudinary.com/kamux/image/upload/v1769687086/prod_v2/120ae759-b4d1-410a-b49b-d618e4a10ac4.pdf,True,False
Volkswagen,Up!,Volkswagen Up!,2020,PASSENGER_CAR,Iisalmi,2020-11-01T22:00:00Z,2020-11-01T22:00:00Z,2025-12-30T00:00:00Z,2024-10-27T22:00:00Z,36.8,260,61.0,130.0,65000,11490,https://res.cloudinary.com/kamux/image/upload/v1767082960/prod_v2/1b02018e-1ce0-46f8-9caf-af63318a4487.pdf,False,False
Tesla,Model 3,Tesla Model 3,2021,PASSENGER_CAR,Kamux Verkkokauppa,,2021-06-10T21:00:00Z,2025-12-08T00:00:00Z,,77.0,560,324.0,233.0,47000,30900,https://res.cloudinary.com/kamux/image/upload/v1765546131/prod_v2/b58115ec-3c93-409d-b6bb-41465dd616fa.pdf,True,False
Seat,Mii Electric,Seat Mii Electric,2020,PASSENGER_CAR,Lahti,2020-08-30T21:00:00Z,2020-08-30T21:00:00Z,2025-12-31T00:00:00Z,2025-07-16T21:00:00Z,37.0,260,61.0,130.0,88000,9990,https://res.cloudinary.com/kamux/image/upload/v1769675794/prod_v2/d33036ae-08c2-4a07-8f1b-019908ccf77a.pdf,False,False
Hyundai,Ioniq 5,Hyundai Ioniq 5,2022,PASSENGER_CAR,Rovaniemi,2022-05-05T21:00:00Z,2021-10-12T21:00:00Z,2025-12-22T00:00:00Z,2025-09-10T21:00:00Z,73.0,500,224.0,185.0,68000,29380,https://res.cloudinary.com/kamux/image/upload/v1769944555/prod_v2/6e09907f-1f00-4a1d-a69a-d5548544c573.pdf,False,False
Volkswagen,ID.4,Volkswagen ID.4,2022,PASSENGER_CAR,Iisalmi,2025-12-30T00:00:00Z,2023-01-08T22:00:00Z,2025-11-25T00:00:00Z,2025-12-12T00:00:00Z,82.0,470,220.0,180.0,70000,30880,https://res.cloudinary.com/kamux/image/upload/v1768915610/prod_v2/4eafead7-aa82-4ee5-bba5-c33c12872df2.pdf,False,False
Volkswagen,ID.3,Volkswagen ID.3,2022,PASSENGER_CAR,Espoo Niittykumpu,2026-01-12T00:00:00Z,2021-12-02T22:00:00Z,2025-11-27T00:00:00Z,2026-01-12T00:00:00Z,62.0,420,150.0,160.0,87000,18390,https://res.cloudinary.com/kamux/image/upload/v1766391502/prod_v2/e6b5d3f8-1009-47b1-83c0-f5c1b567a06b.pdf,False,False
Kia,EV6,Kia EV6,2023,PASSENGER_CAR,Espoo Koskelo,2023-08-24T21:00:00Z,2023-08-24T21:00:00Z,2025-12-05T00:00:00Z,,77.0,510,239.0,188.0,109000,31690,https://res.cloudinary.com/kamux/image/upload/v1764951067/prod_v2/49ae0f07-1b74-41ad-9b89-7505b5575f5d.pdf,False,False
Skoda,Enyaq,Skoda Enyaq,2022,PASSENGER_CAR,Jyväskylä,2025-10-31T00:00:00Z,2022-06-16T21:00:00Z,2025-10-07T00:00:00Z,2025-10-31T00:00:00Z,82.0,500,150.0,160.0,139000,24490,https://res.cloudinary.com/kamux/image/upload/v1761900291/prod_v2/1f47ec1a-a60b-4f9c-9cb1-0afee4a3558e.pdf,False,False
Peugeot,e-308,Peugeot e-308,2023,PASSENGER_CAR,Espoo Friisilä,2023-09-28T21:00:00Z,2023-09-28T21:00:00Z,2026-01-26T00:00:00Z,,54.0,412,115.0,170.0,13000,27590,https://res.cloudinary.com/kamux/image/upload/v1770031016/prod_v2/6efe4f89-c229-4266-bfd4-33076479f407.pdf,False,False
Volkswagen,ID.3,Volkswagen ID.3,2022,PASSENGER_CAR,Espoo Friisilä,,2021-12-28T00:00:00Z,2026-01-08T00:00:00Z,,62.0,426,150.0,160.0,73000,20590,https://res.cloudinary.com/kamux/image/upload/v1768833669/prod_v2/1aaee5da-d9b8-4770-9eb1-d70013a3ce69.pdf,True,False
BMW,i5 M60,BMW i5 M60,2024,PASSENGER_CAR,Espoo Friisilä,2024-11-12T22:00:00Z,2024-11-12T22:00:00Z,2026-01-05T00:00:00Z,2024-11-13T00:00:00Z,81.2,510,442.0,230.0,77000,63990,https://res.cloudinary.com/kamux/image/upload/v1768305811/prod_v2/77f311d8-66b7-4e45-836a-3946d395e623.pdf,False,False
Audi,e-tron,Audi e-tron,2023,PASSENGER_CAR,Espoo Friisilä,2025-12-29T00:00:00Z,2022-10-20T21:00:00Z,2025-12-12T00:00:00Z,2025-12-29T00:00:00Z,95.0,440,300.0,200.0,90000,33980,https://res.cloudinary.com/kamux/image/upload/v1767172662/prod_v2/adb64fe3-731e-485c-bc22-820046b5074d.pdf,False,False
BMW,i4 M50,BMW i4 M50,2023,PASSENGER_CAR,Espoo Friisilä,2022-12-13T22:00:00Z,2022-12-13T22:00:00Z,2026-01-16T00:00:00Z,2022-12-14T00:00:00Z,83.9,520,400.0,225.0,143000,41290,https://res.cloudinary.com/kamux/image/upload/v1769688023/prod_v2/d1a9c571-0849-490f-822b-ca38ad4f8a87.pdf,False,False
Tesla,Model 3,Tesla Model 3,2019,PASSENGER_CAR,Espoo Friisilä,,2019-04-17T21:00:00Z,2026-01-02T00:00:00Z,2026-01-20T00:00:00Z,75.0,560,340.0,233.0,156000,19990,https://res.cloudinary.com/kamux/image/upload/v1769416291/prod_v2/bf51a460-f347-4a98-adda-ebb96674334e.pdf,True,False
Mercedes-Benz,EQC,Mercedes-Benz EQC,2021,PASSENGER_CAR,Turku,2024-07-25T21:00:00Z,2021-04-20T21:00:00Z,2026-01-30T00:00:00Z,2025-04-13T21:00:00Z,80.0,472,300.0,180.0,114000,35880,https://res.cloudinary.com/kamux/image/upload/v1770028639/prod_v2/a3be2a19-86e8-4dcf-abcb-55173399233a.pdf,False,False
Skoda,Enyaq,Skoda Enyaq,2022,PASSENGER_CAR,Joensuu,2025-10-30T00:00:00Z,2022-08-02T21:00:00Z,2025-10-09T00:00:00Z,2025-10-29T00:00:00Z,82.0,544,150.0,160.0,89000,27680,https://res.cloudinary.com/kamux/image/upload/v1763817035/prod_v2/254483c4-b4e0-4b2e-9d05-5e6ef064227d.pdf,False,False
Tesla,Model S,Tesla Model S,2016,PASSENGER_CAR,Oulu Limingantulli,2023-11-20T22:00:00Z,2015-11-25T22:00:00Z,2026-01-14T00:00:00Z,2025-10-22T21:00:00Z,85.8,557,386.0,250.0,185000,21390,https://res.cloudinary.com/kamux/image/upload/v1768305405/prod_v2/391a6836-7c36-4f48-b079-3e2c67e0fc67.pdf,False,False
Volvo,XC40,Volvo XC40,2023,PASSENGER_CAR,Espoo Niittykumpu,2025-10-08T00:00:00Z,2023-02-08T22:00:00Z,2025-09-17T00:00:00Z,2025-10-08T00:00:00Z,78.0,418,300.0,180.0,28000,33800,https://res.cloudinary.com/kamux/image/upload/v1760012830/prod_v2/f1e5cdf4-ed99-4965-a13e-22cb9727a1ca.pdf,False,False
Nissan,Leaf,Nissan Leaf,2023,PASSENGER_CAR,Kokkola,2023-02-19T22:00:00Z,2023-02-19T22:00:00Z,2025-12-22T00:00:00Z,,62.0,385,160.0,157.0,47000,20890,https://res.cloudinary.com/kamux/image/upload/v1768337508/prod_v2/974e1f84-565b-4301-a1bc-ca88d52e39f4.pdf,False,False
Audi,e-tron,Audi e-tron,2021,PASSENGER_CAR,Porvoo,2025-10-29T00:00:00Z,2022-05-01T21:00:00Z,2025-10-09T00:00:00Z,2025-10-29T00:00:00Z,95.0,369,300.0,200.0,34000,39490,https://res.cloudinary.com/kamux/image/upload/v1761829440/prod_v2/361726d5-a9f4-4858-931d-cf2add3c2012.pdf,False,False
BMW,i3,BMW i3,2018,PASSENGER_CAR,Kamux Verkkokauppa,,2019-02-18T22:00:00Z,2025-12-16T00:00:00Z,,33.2,300,125.0,150.0,72000,15900,https://res.cloudinary.com/kamux/image/upload/v1765901088/prod_v2/f0cba390-b94e-4b8f-aac2-6d363756aa2f.pdf,True,False
Nissan,Leaf,Nissan Leaf,2021,PASSENGER_CAR,Raisio,2025-03-06T22:00:00Z,2021-06-23T21:00:00Z,2026-01-27T00:00:00Z,2025-02-05T22:00:00Z,40.0,270,110.0,144.0,54000,13390,https://res.cloudinary.com/kamux/image/upload/v1769502187/prod_v2/91cd0ad2-d50b-43a0-964c-b85bbd4835e7.pdf,False,False
Nissan,Leaf,Nissan Leaf,2021,PASSENGER_CAR,Kotka,2024-04-29T00:00:00Z,2021-12-19T22:00:00Z,2025-11-22T00:00:00Z,2025-11-19T00:00:00Z,40.0,285,110.0,144.0,51000,11990,https://res.cloudinary.com/kamux/image/upload/v1768306146/prod_v2/08708d28-fcab-4eb7-95d6-c02f77703e32.pdf,False,False
Polestar,2,Polestar 2,2022,PASSENGER_CAR,Vantaa Varisto,2026-01-21T00:00:00Z,2022-09-12T21:00:00Z,2025-10-28T00:00:00Z,2026-01-19T00:00:00Z,69.0,474,170.0,160.0,70000,26470,https://res.cloudinary.com/kamux/image/upload/v1763110948/prod_v2/cf74b3ad-330a-47d9-a226-91bbea207375.pdf,False,False
Polestar,2,Polestar 2,2024,PASSENGER_CAR,Vantaa Varisto,2025-02-20T22:00:00Z,2023-09-19T21:00:00Z,2025-12-18T00:00:00Z,,82.0,592,350.0,205.0,43000,45490,https://res.cloudinary.com/kamux/image/upload/v1768306055/prod_v2/b39a3ba1-13a8-42d0-a9fa-737ab81d34c2.pdf,False,False
Kia,Niro,Kia Niro,2021,PASSENGER_CAR,Joensuu,2024-11-25T22:00:00Z,2021-09-08T21:00:00Z,2025-12-30T00:00:00Z,2024-10-28T22:00:00Z,64.0,450,150.0,167.0,80000,21890,https://res.cloudinary.com/kamux/image/upload/v1767089762/prod_v2/7ca7e164-caf2-4bd3-997f-40b02c46e848.pdf,False,False
Mercedes-Benz,EQC,Mercedes-Benz EQC,2022,PASSENGER_CAR,Mikkeli,2023-10-22T21:00:00Z,2022-09-06T21:00:00Z,2026-01-29T00:00:00Z,,80.0,472,300.0,180.0,165000,28690,https://res.cloudinary.com/kamux/image/upload/v1770282783/prod_v2/1767695f-a597-49fe-a39a-4fc9da56affc.pdf,False,False
Tesla,Model Y,Tesla Model Y,2024,PASSENGER_CAR,Helsinki Herttoniemi,,2023-11-14T22:00:00Z,2025-10-29T00:00:00Z,,79.5,480,336.0,250.0,32000,40880,https://res.cloudinary.com/kamux/image/upload/v1765882912/prod_v2/2ce816b5-3f00-4232-bfdb-ff6354030e6a.pdf,True,False
Volkswagen,ID.4,Volkswagen ID.4,2020,PASSENGER_CAR,Jyväskylä,,2020-12-21T22:00:00Z,2026-01-09T00:00:00Z,2026-01-28T00:00:00Z,82.0,510,150.0,160.0,65000,26700,https://res.cloudinary.com/kamux/image/upload/v1769687645/prod_v2/2f7cb1d3-900b-4211-a0f3-5c437fd02675.pdf,True,False
Volkswagen,ID.4,Volkswagen ID.4,2022,PASSENGER_CAR,Seinäjoki,2025-12-09T00:00:00Z,2021-10-04T21:00:00Z,2025-11-17T00:00:00Z,2025-12-09T00:00:00Z,82.0,510,150.0,160.0,40000,27300,https://res.cloudinary.com/kamux/image/upload/v1765270187/prod_v2/92d474bb-3a1b-48e2-8e07-460c757de72e.pdf,False,False
Mercedes-Benz,EQA,Mercedes-Benz EQA,2021,PASSENGER_CAR,Seinäjoki,2021-05-19T21:00:00Z,2021-05-19T21:00:00Z,2025-11-21T00:00:00Z,2025-05-18T21:00:00Z,66.5,426,,160.0,146000,22900,https://res.cloudinary.com/kamux/image/upload/v1763653704/prod_v2/db51e189-39e6-4c40-82ec-9060f9be332e.pdf,False,False
Skoda,Enyaq,Skoda Enyaq,2022,PASSENGER_CAR,Seinäjoki,2026-01-20T00:00:00Z,2021-10-10T21:00:00Z,2025-12-10T00:00:00Z,2026-01-16T00:00:00Z,82.0,527,150.0,160.0,105000,27690,https://res.cloudinary.com/kamux/image/upload/v1768306995/prod_v2/7f9afa01-f2e0-44a7-87a8-70b17ed29b15.pdf,False,False
Opel,Combo-e,Opel Combo-e,2023,PASSENGER_CAR,Espoo Koskelo,2023-03-23T22:00:00Z,2023-03-23T22:00:00Z,2025-08-07T00:00:00Z,,50.0,250,,135.0,83000,18490,https://res.cloudinary.com/kamux/image/upload/v1769434140/prod_v2/c967fbf7-3157-4541-ae9c-4b1b433df0ee.pdf,False,False
Polestar,2,Polestar 2,2022,PASSENGER_CAR,Tampere Lakalaiva,2025-05-25T21:00:00Z,2021-12-01T22:00:00Z,2025-07-18T00:00:00Z,2025-05-25T21:00:00Z,64.0,474,165.0,160.0,79000,25300,https://res.cloudinary.com/kamux/image/upload/v1753176434/prod_v2/6ef5d693-cac6-45e5-8c8f-3e46240ef544.pdf,False,False
Skoda,Enyaq,Skoda Enyaq,2022,PASSENGER_CAR,Kouvola,2025-12-17T00:00:00Z,2021-10-03T21:00:00Z,2025-12-03T00:00:00Z,2025-12-16T22:00:00Z,82.0,505,150.0,160.0,59000,31170,https://res.cloudinary.com/kamux/image/upload/v1765975746/prod_v2/01400ccf-b999-4619-8768-78dcf35aa0b7.pdf,False,False
Tesla,Model S,Tesla Model S,2019,PASSENGER_CAR,Raisio,,2019-08-09T00:00:00Z,2025-12-22T00:00:00Z,2026-01-29T00:00:00Z,100.0,450,310.0,,129000,34480,https://res.cloudinary.com/kamux/image/upload/v1770218028/prod_v2/e6a7f8ba-e8aa-42e8-9c81-08713371405c.pdf,True,False
Volkswagen,ID.4,Volkswagen ID.4,2023,PASSENGER_CAR,Espoo Koskelo,2022-06-08T00:00:00Z,2022-06-07T21:00:00Z,2026-01-09T00:00:00Z,,82.0,524,128.0,160.0,102000,24380,https://res.cloudinary.com/kamux/image/upload/v1768305889/prod_v2/81aafd50-09bb-43c5-a324-c7dce79a27d0.pdf,False,False
Skoda,Enyaq,Skoda Enyaq,2022,PASSENGER_CAR,Espoo Koskelo,,2021-09-06T21:00:00Z,2025-12-05T00:00:00Z,2025-12-29T00:00:00Z,82.0,510,150.0,160.0,121000,24680,https://res.cloudinary.com/kamux/image/upload/v1767017866/prod_v2/4a731172-4c52-4690-b348-e47b1f74b9ac.pdf,True,False
Peugeot,e-208,Peugeot e-208,2020,PASSENGER_CAR,Espoo Koskelo,2022-10-17T21:00:00Z,2020-01-30T22:00:00Z,2025-12-04T00:00:00Z,2025-10-06T21:00:00Z,50.0,340,100.0,150.0,68000,13390,https://res.cloudinary.com/kamux/image/upload/v1769777811/prod_v2/0618aab7-14b4-4252-ae59-870e72443882.pdf,False,False
Volkswagen,ID.5,Volkswagen ID.5,2023,PASSENGER_CAR,Helsinki Malmi,2026-01-26T00:00:00Z,2023-07-31T21:00:00Z,2025-12-17T00:00:00Z,2026-01-23T00:00:00Z,82.0,518,220.0,180.0,65000,34870,https://res.cloudinary.com/kamux/image/upload/v1766396876/prod_v2/5106482b-a02c-4991-b78e-b02a60bbaf67.pdf,False,False
Skoda,Enyaq,Skoda Enyaq,2022,PASSENGER_CAR,Hyvinkää,2021-10-05T00:00:00Z,2021-10-04T21:00:00Z,2026-01-07T00:00:00Z,2025-10-02T00:00:00Z,62.0,410,132.0,160.0,89000,24980,https://res.cloudinary.com/kamux/image/upload/v1767948499/prod_v2/132f1b5f-4a3e-49be-90c0-4883283e7226.pdf,False,False
Ford,Mustang Mach-E,Ford Mustang Mach-E,2021,PASSENGER_CAR,Espoo Niittykumpu,2022-09-23T00:00:00Z,2021-12-13T22:00:00Z,2025-09-29T00:00:00Z,2025-12-18T00:00:00Z,75.7,440,190.0,180.0,74000,25390,https://res.cloudinary.com/kamux/image/upload/v1762417189/prod_v2/504fe024-254a-4f2f-9a22-7085aba26f80.pdf,False,False
Tesla,Model 3,Tesla Model 3,2020,PASSENGER_CAR,Espoo Niittykumpu,2026-01-20T00:00:00Z,2019-12-21T00:00:00Z,2026-01-02T00:00:00Z,2026-01-20T00:00:00Z,75.0,530,377.0,261.0,116000,24900,https://res.cloudinary.com/kamux/image/upload/v1769426209/prod_v2/d66437b5-e320-4df5-8a58-053f2d1f65d9.pdf,True,False
Volkswagen,ID.3,Volkswagen ID.3,2023,PASSENGER_CAR,Helsinki Malmi,2025-11-26T00:00:00Z,2022-12-22T22:00:00Z,2025-11-03T00:00:00Z,2025-11-26T00:00:00Z,62.0,420,150.0,160.0,58000,21270,https://res.cloudinary.com/kamux/image/upload/v1764144121/prod_v2/dc5e76f0-8064-4f3b-aff7-d909e8ad8cf5.pdf,False,False
Ford,Mustang Mach-E,Ford Mustang Mach-E,2022,PASSENGER_CAR,Oulu Limingantulli,2022-06-07T00:00:00Z,2022-06-06T21:00:00Z,2026-01-12T00:00:00Z,,75.0,420,198.0,180.0,71000,28900,https://res.cloudinary.com/kamux/image/upload/v1770212292/prod_v2/503397e4-ef28-4587-b11f-9152be98000f.pdf,False,False
BMW,i4 M50,BMW i4 M50,2022,PASSENGER_CAR,Espoo Niittykumpu,2025-06-26T21:00:00Z,2022-09-06T21:00:00Z,2026-01-17T00:00:00Z,2025-06-26T21:00:00Z,83.0,520,400.0,225.0,75000,42680,https://res.cloudinary.com/kamux/image/upload/v1768990703/prod_v2/9512685a-442f-44d3-921e-0a6d36522f48.pdf,False,False
Mercedes-Benz,EQA,Mercedes-Benz EQA,2022,PASSENGER_CAR,Espoo Koskelo,2025-07-29T00:00:00Z,2022-03-13T22:00:00Z,2025-09-24T00:00:00Z,2025-07-29T00:00:00Z,66.5,438,168.0,160.0,94000,30690,https://res.cloudinary.com/kamux/image/upload/v1768305651/prod_v2/a39a7a14-6b81-4af6-b951-f030292de0ed.pdf,False,False
BMW,i4,BMW i4,2023,PASSENGER_CAR,Espoo Koskelo,2026-01-19T00:00:00Z,2022-11-22T22:00:00Z,2025-12-19T00:00:00Z,2026-01-19T00:00:00Z,83.9,590,250.0,190.0,48000,36870,https://res.cloudinary.com/kamux/image/upload/v1768306668/prod_v2/719d5c74-da8c-4897-865c-4c1be3dc4065.pdf,False,False
Dacia,Spring,Dacia Spring,2021,PASSENGER_CAR,Lappeenranta,2022-09-06T21:00:00Z,2021-11-09T22:00:00Z,2025-12-04T00:00:00Z,2025-11-12T22:00:00Z,27.0,225,40.0,125.0,43000,8780,https://res.cloudinary.com/kamux/image/upload/v1764849647/prod_v2/f0091ede-1842-428f-a012-e8d46e51c405.pdf,False,False
Volvo,XC40,Volvo XC40,2023,PASSENGER_CAR,Helsinki Herttoniemi,2022-10-10T21:00:00Z,2022-10-10T21:00:00Z,2025-11-19T00:00:00Z,,78.0,438,300.0,180.0,105000,30390,https://res.cloudinary.com/kamux/image/upload/v1768307129/prod_v2/2a316fac-e921-4e84-a4f1-2ff7c4c7636b.pdf,False,False
Renault,Zoe,Renault Zoe,2020,PASSENGER_CAR,Raisio,2021-09-26T21:00:00Z,2020-06-02T21:00:00Z,2026-01-13T00:00:00Z,2025-07-21T21:00:00Z,44.1,286,65.0,135.0,56000,11470,https://res.cloudinary.com/kamux/image/upload/v1768337329/prod_v2/72a29fa1-8aa5-4d4d-8bfa-d089feded5fd.pdf,False,False
Volkswagen,ID.4,Volkswagen ID.4,2022,PASSENGER_CAR,Kokkola,2023-08-14T21:00:00Z,2021-12-13T22:00:00Z,2026-01-16T00:00:00Z,2025-12-10T22:00:00Z,82.0,480,220.0,180.0,53000,33480,https://res.cloudinary.com/kamux/image/upload/v1768912631/prod_v2/45c45e0b-20db-417d-ab0d-85a7c3e5c1e0.pdf,False,False
Volkswagen,ID.3,Volkswagen ID.3,2022,PASSENGER_CAR,Rauma,2026-01-28T00:00:00Z,2022-08-23T21:00:00Z,2026-01-12T00:00:00Z,2026-01-27T22:00:00Z,58.0,420,107.0,160.0,15000,22900,https://res.cloudinary.com/kamux/image/upload/v1769601098/prod_v2/fd6ee3e0-7af2-4c5c-aae6-f729cd50f7b8.pdf,False,False
BMW,i3,BMW i3,2018,PASSENGER_CAR,Espoo Koskelo,2021-07-19T21:00:00Z,2018-07-09T21:00:00Z,2026-01-27T00:00:00Z,2025-07-14T21:00:00Z,33.2,200,,150.0,105000,12290,https://res.cloudinary.com/kamux/image/upload/v1769507598/prod_v2/87cee326-8182-4548-a126-2e7c1dff959c.pdf,False,False
Skoda,Enyaq,Skoda Enyaq,2022,PASSENGER_CAR,Lohja,,2022-08-19T00:00:00Z,2025-12-17T00:00:00Z,2026-02-04T00:00:00Z,82.0,544,150.0,160.0,93000,28830,https://res.cloudinary.com/kamux/image/upload/v1768310160/prod_v2/f0fe4c25-d553-4fbb-86cd-e79815266c99.pdf,True,False
Volkswagen,ID.4,Volkswagen ID.4,2022,PASSENGER_CAR,Tampere Lakalaiva,2025-02-19T22:00:00Z,2021-11-11T22:00:00Z,2026-01-30T00:00:00Z,2025-02-18T22:00:00Z,77.0,484,220.0,180.0,70000,31890,https://res.cloudinary.com/kamux/image/upload/v1770106928/prod_v2/07897ec8-48c1-42e4-85ef-b318f8a83cfb.pdf,False,False
Polestar,2,Polestar 2,2022,PASSENGER_CAR,Järvenpää,,2022-09-11T21:00:00Z,2025-12-18T00:00:00Z,,78.0,482,300.0,205.0,104000,29990,https://res.cloudinary.com/kamux/image/upload/v1768306773/prod_v2/f040338c-896f-40de-85cd-454d3bfd36ab.pdf,True,False
Volkswagen,ID.4,Volkswagen ID.4,2021,PASSENGER_CAR,Seinäjoki,2021-11-28T22:00:00Z,2021-11-28T22:00:00Z,2026-01-28T00:00:00Z,2025-11-19T22:00:00Z,82.0,484,220.0,180.0,136000,25900,https://res.cloudinary.com/kamux/image/upload/v1770123794/prod_v2/8425e2f8-7ac6-4582-85ad-c739c7f36b7f.pdf,False,False
Volkswagen,ID.4,Volkswagen ID.4,2022,PASSENGER_CAR,Joensuu,2025-11-19T00:00:00Z,2022-02-16T22:00:00Z,2025-10-21T00:00:00Z,2025-11-19T00:00:00Z,82.0,510,150.0,160.0,87000,24390,https://res.cloudinary.com/kamux/image/upload/v1763549416/prod_v2/2a3b3fbb-2f08-426b-bcd6-18958c266248.pdf,False,False
Volkswagen,ID.4,Volkswagen ID.4,2021,PASSENGER_CAR,Hämeenlinna,,2021-08-31T21:00:00Z,2025-12-12T00:00:00Z,2026-01-15T00:00:00Z,55.0,340,125.0,160.0,66000,24400,https://res.cloudinary.com/kamux/image/upload/v1768469879/prod_v2/4b1cbc32-0292-421f-b2a0-95b7eedbe4de.pdf,True,False
BMW,iX1,BMW iX1,2023,PASSENGER_CAR,Kamux Verkkokauppa,,2023-06-25T21:00:00Z,2025-12-02T00:00:00Z,,64.7,440,225.0,180.0,134000,33900,https://res.cloudinary.com/kamux/image/upload/v1764598150/prod_v2/c9257c88-d63c-49b0-aa41-258d524cdbb9.pdf,True,False
Volvo,XC40,Volvo XC40,2022,PASSENGER_CAR,Espoo Friisilä,2025-12-18T00:00:00Z,2022-04-18T21:00:00Z,2025-12-03T00:00:00Z,2025-12-16T00:00:00Z,70.0,400,170.0,160.0,66000,30990,https://res.cloudinary.com/kamux/image/upload/v1765804877/prod_v2/380237ee-af65-4c42-96ab-2a628a021ebf.pdf,False,False
MG,Marvel R,MG Marvel R,2022,PASSENGER_CAR,Jyväskylä,2023-11-07T22:00:00Z,2022-11-16T22:00:00Z,2026-01-31T00:00:00Z,,70.0,370,,20.0,50000,25380,https://res.cloudinary.com/kamux/image/upload/v1769790170/prod_v2/09fb4d82-4213-4943-be39-27d6d0bfb436.pdf,False,False
Audi,e-tron,Audi e-tron,2020,PASSENGER_CAR,Espoo Niittykumpu,2022-09-09T00:00:00Z,2020-08-02T21:00:00Z,2026-01-20T00:00:00Z,2024-09-05T00:00:00Z,71.0,341,230.0,190.0,58000,26780,https://res.cloudinary.com/kamux/image/upload/v1768987784/prod_v2/46eeac68-e74f-46de-8042-df1d311890d6.pdf,False,False
Kia,EV6,Kia EV6,2023,PASSENGER_CAR,Hämeenlinna,2026-01-27T00:00:00Z,2022-11-06T22:00:00Z,2025-12-19T00:00:00Z,2026-01-27T00:00:00Z,77.0,510,168.0,185.0,70000,34490,https://res.cloudinary.com/kamux/image/upload/v1769513137/prod_v2/21ce6c32-070b-4f42-9e30-d2c75d3eb874.pdf,False,False
Audi,Q4 e-tron,Audi Q4 e-tron,2022,PASSENGER_CAR,Espoo Niittykumpu,2025-11-13T22:00:00Z,2021-12-27T22:00:00Z,2026-01-27T00:00:00Z,2025-11-13T22:00:00Z,82.0,488,220.0,180.0,56000,37480,https://res.cloudinary.com/kamux/image/upload/v1769681774/prod_v2/6ea0313f-e284-44b7-83c6-427fcaeb559b.pdf,False,False
Audi,Q8 e-tron,Audi Q8 e-tron,2024,PASSENGER_CAR,Espoo Niittykumpu,2025-11-25T00:00:00Z,2023-03-15T22:00:00Z,2025-11-12T00:00:00Z,2025-11-24T00:00:00Z,95.0,491,250.0,200.0,58000,45400,https://res.cloudinary.com/kamux/image/upload/v1768306006/prod_v2/aa7e60cd-cfa8-44d4-8ab2-640c9cc050a9.pdf,False,False
Tesla,Model 3,Tesla Model 3,2021,PASSENGER_CAR,Rauma,2022-12-01T22:00:00Z,2021-09-24T21:00:00Z,2026-01-30T00:00:00Z,2026-01-27T22:00:00Z,55.0,430,239.0,225.0,86000,22790,https://res.cloudinary.com/kamux/image/upload/v1769771225/prod_v2/6b2977f8-8e7a-4b39-ae7c-e3669ea6761e.pdf,False,False
Mercedes-Benz,EQB,Mercedes-Benz EQB,2023,PASSENGER_CAR,Raisio,2025-01-01T22:00:00Z,2023-02-09T22:00:00Z,2025-11-20T00:00:00Z,2025-06-29T21:00:00Z,66.5,444,168.0,160.0,92000,29290,https://res.cloudinary.com/kamux/image/upload/v1763646986/prod_v2/2c72ace4-50b4-4589-b83c-55d8014b2b47.pdf,False,False
Tesla,Model Y,Tesla Model Y,2022,PASSENGER_CAR,Vantaa Varisto,2022-11-29T00:00:00Z,2022-11-28T22:00:00Z,2026-01-28T00:00:00Z,,79.0,533,378.0,217.0,144000,28800,https://res.cloudinary.com/kamux/image/upload/v1769614214/prod_v2/efd6a9a0-2a9b-422c-bd91-2b6f16f94ff4.pdf,False,False
Skoda,Enyaq,Skoda Enyaq,2022,PASSENGER_CAR,Vantaa Varisto,2025-06-23T21:00:00Z,2022-08-08T21:00:00Z,2026-01-12T00:00:00Z,2025-05-20T21:00:00Z,82.0,520,220.0,180.0,100000,34470,https://res.cloudinary.com/kamux/image/upload/v1768382820/prod_v2/2d62f77a-7938-497a-aca5-639e52480d08.pdf,False,False
Renault,Zoe,Renault Zoe,2020,PASSENGER_CAR,Seinäjoki,2022-10-25T21:00:00Z,2020-07-09T21:00:00Z,2026-01-23T00:00:00Z,2026-01-19T22:00:00Z,44.0,403,65.0,135.0,115000,10350,https://res.cloudinary.com/kamux/image/upload/v1769175965/prod_v2/040184e3-de51-4cb9-b277-c7721555c69e.pdf,False,False
Tesla,Model 3,Tesla Model 3,2019,PASSENGER_CAR,Espoo Koskelo,2023-06-12T21:00:00Z,2019-09-02T21:00:00Z,2025-10-31T00:00:00Z,2025-04-16T21:00:00Z,55.0,415,211.0,225.0,90000,20650,https://res.cloudinary.com/kamux/image/upload/v1768306355/prod_v2/2edd5249-c7d3-49a5-9ca0-ab47e3c5380b.pdf,False,False
Tesla,Model S,Tesla Model S,2020,PASSENGER_CAR,Porvoo,,2020-04-02T00:00:00Z,2025-12-09T00:00:00Z,,100.0,590,585.0,250.0,48000,45790,https://res.cloudinary.com/kamux/image/upload/v1766391306/prod_v2/19b55d70-4f25-4bee-83fa-c65e5952784d.pdf,True,False
Hyundai,Kona,Hyundai Kona,2019,PASSENGER_CAR,Vantaa Varisto,,2019-07-23T00:00:00Z,2025-12-31T00:00:00Z,,67.0,449,150.0,167.0,130000,16770,https://res.cloudinary.com/kamux/image/upload/v1768924703/prod_v2/e5e63709-953c-4880-81ca-fb1d93d2b0c4.pdf,True,False
Hyundai,Ioniq 5,Hyundai Ioniq 5,2022,PASSENGER_CAR,Espoo Koskelo,2025-07-31T00:00:00Z,2022-03-31T21:00:00Z,2025-07-03T00:00:00Z,2025-07-29T00:00:00Z,73.0,460,225.0,185.0,26000,30490,https://res.cloudinary.com/kamux/image/upload/v1768305735/prod_v2/bb129b17-40a4-4612-9bed-66c65bca8160.pdf,False,False
Skoda,Enyaq,Skoda Enyaq,2021,PASSENGER_CAR,Kotka,,2021-06-21T21:00:00Z,2025-12-03T00:00:00Z,2025-12-17T00:00:00Z,82.0,510,150.0,160.0,161000,22590,https://res.cloudinary.com/kamux/image/upload/v1768306257/prod_v2/6c874900-bb59-4798-a701-58ea83d09c43.pdf,True,False
Mercedes-Benz,EQE SUV,Mercedes-Benz EQE SUV,2023,PASSENGER_CAR,Raisio,2025-10-02T21:00:00Z,2023-06-29T21:00:00Z,2026-01-27T00:00:00Z,,96.0,590,,210.0,23000,57990,https://res.cloudinary.com/kamux/image/upload/v1769516861/prod_v2/973839ee-6488-4ea8-a0d4-4352c77bf2ff.pdf,False,False
Skoda,Enyaq,Skoda Enyaq,2022,PASSENGER_CAR,Iisalmi,2025-12-08T00:00:00Z,2021-09-30T21:00:00Z,2025-10-16T00:00:00Z,2025-11-28T00:00:00Z,82.0,500,150.0,160.0,50000,31380,https://res.cloudinary.com/kamux/image/upload/v1768558074/prod_v2/325bc810-669e-4e20-b6d8-8a8f3c0a5aaf.pdf,False,False
Peugeot,e-2008,Peugeot e-2008,2020,PASSENGER_CAR,Järvenpää,,2020-11-27T00:00:00Z,2025-12-05T00:00:00Z,,51.0,320,100.0,150.0,56000,16190,https://res.cloudinary.com/kamux/image/upload/v1769003907/prod_v2/db6450a7-5618-452f-9235-86b9cec8cd94.pdf,True,False
Volkswagen,ID.4,Volkswagen ID.4,2021,PASSENGER_CAR,Järvenpää,,2021-04-21T21:00:00Z,2025-08-21T00:00:00Z,2025-09-12T00:00:00Z,82.0,522,150.0,160.0,108000,24290,https://res.cloudinary.com/kamux/image/upload/v1767348146/prod_v2/17bc1bed-5922-4c3c-a6e7-7e7b65c66f43.pdf,True,False
Volkswagen,ID.5,Volkswagen ID.5,2022,PASSENGER_CAR,Iisalmi,2026-01-07T00:00:00Z,2022-09-11T21:00:00Z,2025-12-10T00:00:00Z,2025-12-29T00:00:00Z,82.0,512,220.0,180.0,111000,27780,https://res.cloudinary.com/kamux/image/upload/v1767078254/prod_v2/7af112db-728f-4ff4-9f91-4a4b8a064e28.pdf,False,False
Opel,Corsa-e,Opel Corsa-e,2021,PASSENGER_CAR,Iisalmi,2023-03-15T00:00:00Z,2021-08-02T21:00:00Z,2025-09-18T00:00:00Z,2025-08-04T00:00:00Z,50.0,337,100.0,150.0,66000,13890,https://res.cloudinary.com/kamux/image/upload/v1762162913/prod_v2/449abdb0-7241-49a6-8f6a-c0fc348a441e.pdf,False,False
Polestar,2,Polestar 2,2023,PASSENGER_CAR,Lahti,,2022-10-16T21:00:00Z,2025-11-21T00:00:00Z,2026-01-12T00:00:00Z,78.0,542,170.0,160.0,78000,25700,https://res.cloudinary.com/kamux/image/upload/v1769163676/prod_v2/c4b395b9-dcb5-45e6-808a-b143c99d13b0.pdf,True,False
Tesla,Model 3,Tesla Model 3,2019,PASSENGER_CAR,Järvenpää,2023-12-28T22:00:00Z,2019-05-20T21:00:00Z,2026-01-20T00:00:00Z,2025-12-14T22:00:00Z,78.5,560,340.0,233.0,104000,23200,https://res.cloudinary.com/kamux/image/upload/v1769076426/prod_v2/e41f1e4c-12e3-47ec-bc0c-53387b10773c.pdf,False,False
Hyundai,Kona Electric,Hyundai Kona Electric,2019,PASSENGER_CAR,Hyvinkää,2022-06-14T21:00:00Z,2019-04-24T21:00:00Z,2025-12-11T00:00:00Z,2024-10-31T22:00:00Z,64.0,449,150.0,167.0,125000,15890,https://res.cloudinary.com/kamux/image/upload/v1765801911/prod_v2/e6b46be3-0ffe-41c9-8eda-470ddac0c742.pdf,False,False
Volkswagen,ID.3,Volkswagen ID.3,2021,PASSENGER_CAR,Hämeenlinna,,2021-09-01T21:00:00Z,2025-12-02T00:00:00Z,2025-12-29T00:00:00Z,62.0,425,150.0,160.0,48000,19890,https://res.cloudinary.com/kamux/image/upload/v1767016572/prod_v2/e305be09-73fa-4cb6-9d02-9afda4baa518.pdf,True,False
Kia,Niro EV,Kia Niro EV,2023,PASSENGER_CAR,Kamux Verkkokauppa,,2022-09-20T21:00:00Z,2025-10-17T00:00:00Z,,64.0,460,160.0,165.0,59000,26900,https://res.cloudinary.com/kamux/image/upload/v1767955384/prod_v2/35ad0db9-4eef-4b61-8ae9-51c15b2f888e.pdf,True,False
Volvo,C40,Volvo C40,2023,PASSENGER_CAR,Helsinki Malmi,2026-01-15T00:00:00Z,2022-10-20T21:00:00Z,2025-12-09T00:00:00Z,2026-01-13T00:00:00Z,69.0,406,170.0,160.0,90000,28480,https://res.cloudinary.com/kamux/image/upload/v1766406873/prod_v2/de919f0e-61d3-4379-83f0-923e4fa633b7.pdf,False,False
Hyundai,Ioniq 5,Hyundai Ioniq 5,2024,PASSENGER_CAR,Lohja,2026-01-12T00:00:00Z,2023-11-19T22:00:00Z,2025-12-17T00:00:00Z,2026-01-12T00:00:00Z,77.0,481,173.0,185.0,49000,39900,https://res.cloudinary.com/kamux/image/upload/v1767433181/prod_v2/ca9aa50c-58dd-49e9-bc1f-8e4fd771aaa3.pdf,False,False
Skoda,Enyaq,Skoda Enyaq,2022,PASSENGER_CAR,Porvoo,,2021-08-26T00:00:00Z,2025-10-20T00:00:00Z,2025-11-13T00:00:00Z,82.0,510,150.0,160.0,119000,24660,https://res.cloudinary.com/kamux/image/upload/v1763982406/prod_v2/09269753-0136-425d-a6ab-1d85d0517e24.pdf,True,False
Tesla,Model Y,Tesla Model Y,2022,PASSENGER_CAR,Kouvola,2022-09-14T00:00:00Z,2022-09-13T21:00:00Z,2026-01-07T00:00:00Z,,82.0,533,378.0,217.0,113000,30290,https://res.cloudinary.com/kamux/image/upload/v1768307284/prod_v2/81ae5527-da9c-4cde-803b-739632971cef.pdf,False,False
Hyundai,Ioniq 5,Hyundai Ioniq 5,2022,PASSENGER_CAR,Helsinki Malmi,2025-11-06T00:00:00Z,2022-06-26T21:00:00Z,2025-08-28T00:00:00Z,2025-10-10T00:00:00Z,73.0,460,224.0,185.0,54000,28480,https://res.cloudinary.com/kamux/image/upload/v1763643118/prod_v2/66674512-9ede-4045-8298-526eba446807.pdf,False,False
Volkswagen,ID.4,Volkswagen ID.4,2021,PASSENGER_CAR,Kamux Verkkokauppa,,2021-08-26T21:00:00Z,2025-12-18T00:00:00Z,,82.0,522,150.0,160.0,85000,25490,https://res.cloudinary.com/kamux/image/upload/v1769516270/prod_v2/25b7808d-b602-4d90-a2eb-22feba07516a.pdf,True,False
Nissan,Leaf,Nissan Leaf,2020,PASSENGER_CAR,Lahti,2020-02-26T00:00:00Z,2020-02-25T22:00:00Z,2025-11-14T00:00:00Z,2024-04-02T00:00:00Z,40.0,270,110.0,144.0,94000,11990,https://res.cloudinary.com/kamux/image/upload/v1763481419/prod_v2/6765e89b-4503-4750-aa4c-3f2947d969d2.pdf,False,False
Tesla,Model 3,Tesla Model 3,2019,PASSENGER_CAR,Kaarina,2022-03-13T22:00:00Z,2019-04-28T21:00:00Z,2026-01-26T00:00:00Z,2026-01-07T22:00:00Z,79.5,560,340.0,233.0,160000,19700,https://res.cloudinary.com/kamux/image/upload/v1769427518/prod_v2/6900b8a4-44dc-4964-951a-c9e9bb620b04.pdf,False,False
Peugeot,e-2008,Peugeot e-2008,2020,PASSENGER_CAR,Kotka,,2020-08-23T21:00:00Z,2025-12-23T00:00:00Z,2025-03-13T22:00:00Z,50.0,336,100.0,150.0,103000,13790,https://res.cloudinary.com/kamux/image/upload/v1766489914/prod_v2/4d916da2-1852-46bb-8813-47b314872402.pdf,False,False
Audi,e-tron,Audi e-tron,2021,PASSENGER_CAR,Salo,,2021-06-08T21:00:00Z,2025-10-21T00:00:00Z,2025-11-19T00:00:00Z,71.0,287,230.0,190.0,106000,26590,https://res.cloudinary.com/kamux/image/upload/v1763546102/prod_v2/c5663a25-89d2-46ce-ad5d-c8014f453319.pdf,True,False
Skoda,Enyaq,Skoda Enyaq,2023,PASSENGER_CAR,Tampere Lakalaiva,2023-01-23T22:00:00Z,2023-01-23T22:00:00Z,2026-01-09T00:00:00Z,,62.0,390,,160.0,102000,23400,https://res.cloudinary.com/kamux/image/upload/v1768211418/prod_v2/d60faad6-4acd-4bd7-96b9-1f68263ae7a9.pdf,False,False
Volkswagen,ID.3,Volkswagen ID.3,2022,PASSENGER_CAR,Salo,2025-11-27T00:00:00Z,2022-05-23T21:00:00Z,2025-09-23T00:00:00Z,2025-11-26T00:00:00Z,82.0,549,150.0,160.0,67000,24900,https://res.cloudinary.com/kamux/image/upload/v1766045602/prod_v2/d420768f-15e0-4d65-a6a5-4ce55eb4248e.pdf,False,False
Opel,Corsa-e,Opel Corsa-e,2020,PASSENGER_CAR,Mikkeli,2020-09-02T21:00:00Z,2020-09-02T21:00:00Z,2025-11-07T00:00:00Z,2024-08-13T21:00:00Z,50.0,330,100.0,150.0,60000,13400,https://res.cloudinary.com/kamux/image/upload/v1762521368/prod_v2/d04e690c-da6c-45e4-8c96-87b9bdd4fa48.pdf,False,False
Mercedes-Benz,EQE SUV,Mercedes-Benz EQE SUV,2024,PASSENGER_CAR,Espoo Friisilä,2025-12-22T00:00:00Z,2024-04-10T21:00:00Z,2025-09-19T00:00:00Z,2025-12-03T00:00:00Z,91.0,565,180.0,210.0,26000,52790,https://res.cloudinary.com/kamux/image/upload/v1767861398/prod_v2/654d6025-8107-48a3-8fe9-b996376fc1f2.pdf,False,False
Tesla,Model 3,Tesla Model 3,2021,PASSENGER_CAR,Kuopio,2022-08-15T21:00:00Z,2021-05-31T21:00:00Z,2026-01-15T00:00:00Z,2026-01-12T22:00:00Z,75.0,547,340.0,261.0,203000,20990,https://res.cloudinary.com/kamux/image/upload/v1768470648/prod_v2/c28d5e77-1e0f-4f4a-b33b-96de8a2c248e.pdf,False,False
BMW,i4 M50,BMW i4 M50,2023,PASSENGER_CAR,Kuopio,2022-12-19T00:00:00Z,2022-12-18T22:00:00Z,2025-12-23T00:00:00Z,,83.9,520,400.0,225.0,62000,48880,https://res.cloudinary.com/kamux/image/upload/v1767602232/prod_v2/756f315e-f29f-4cc4-9be4-2e8e8b3c1608.pdf,False,False
Opel,Mokka-e,Opel Mokka-e,2022,PASSENGER_CAR,Kamux Verkkokauppa,,2022-11-30T22:00:00Z,2025-12-22T00:00:00Z,,50.0,338,100.0,150.0,55000,17790,https://res.cloudinary.com/kamux/image/upload/v1768570879/prod_v2/fc762268-0f43-4384-b3c5-02511f6b2c7b.pdf,True,False
Tesla,Model 3,Tesla Model 3,2019,PASSENGER_CAR,Kokkola,2025-05-09T00:00:00Z,2019-12-10T22:00:00Z,2026-01-20T00:00:00Z,2025-05-09T00:00:00Z,75.0,602,340.0,233.0,139000,23390,https://res.cloudinary.com/kamux/image/upload/v1768492068/prod_v2/3f5c62b0-9352-42ad-b54b-b01572323691.pdf,False,False
Volkswagen,Up!,Volkswagen Up!,2020,PASSENGER_CAR,Porvoo,2020-07-27T00:00:00Z,2020-07-02T21:00:00Z,2025-12-16T00:00:00Z,2024-06-26T00:00:00Z,36.8,260,61.0,130.0,92000,9990,https://res.cloudinary.com/kamux/image/upload/v1768305777/prod_v2/564cd216-da44-44a8-a4b8-651a25d5f1b1.pdf,False,False
Renault,Zoe,Renault Zoe,2017,PASSENGER_CAR,Oulunportti,2021-02-10T00:00:00Z,2017-06-27T21:00:00Z,2025-12-11T00:00:00Z,2024-07-25T00:00:00Z,41.0,370,43.0,135.0,103000,8980,https://res.cloudinary.com/kamux/image/upload/v1768579041/prod_v2/6a1292fa-81e6-4217-bf1e-5e2b496a7c02.pdf,False,False
Polestar,2,Polestar 2,2023,PASSENGER_CAR,Salo,2025-12-09T00:00:00Z,2022-10-16T21:00:00Z,2025-11-21T00:00:00Z,2025-12-08T00:00:00Z,78.0,542,170.0,160.0,72000,26680,https://res.cloudinary.com/kamux/image/upload/v1765186536/prod_v2/67906627-a7a1-414e-9050-1c9b7450460a.pdf,False,False
Renault,Zoe,Renault Zoe,2018,PASSENGER_CAR,Mikkeli,2021-08-30T00:00:00Z,2018-12-18T22:00:00Z,2026-01-14T00:00:00Z,2025-03-12T00:00:00Z,44.1,386,51.0,135.0,66000,11800,https://res.cloudinary.com/kamux/image/upload/v1768474516/prod_v2/ccd80e0c-a2ab-4aac-b36c-58551d7cc5be.pdf,False,False
Tesla,Model Y,Tesla Model Y,2022,PASSENGER_CAR,Järvenpää,2025-12-04T00:00:00Z,2022-06-18T21:00:00Z,2025-10-17T00:00:00Z,2025-12-02T00:00:00Z,80.0,507,393.0,250.0,117000,33480,https://res.cloudinary.com/kamux/image/upload/v1769003711/prod_v2/f17da344-2394-4a59-8657-08ce5c3e6cfc.pdf,False,False
Polestar,2,Polestar 2,2022,PASSENGER_CAR,Kaarina,2025-01-28T22:00:00Z,2022-02-09T22:00:00Z,2025-10-29T00:00:00Z,2025-11-18T22:00:00Z,64.0,474,170.0,160.0,117000,23590,https://res.cloudinary.com/kamux/image/upload/v1762332538/prod_v2/12c6c3ae-1ad5-4979-810b-d82da7bce551.pdf,False,False
Hyundai,Kona Electric,Hyundai Kona Electric,2019,PASSENGER_CAR,Kuopio,2022-01-27T00:00:00Z,2018-11-20T22:00:00Z,2025-10-14T00:00:00Z,2025-12-10T00:00:00Z,64.0,449,150.0,167.0,162000,13870,https://res.cloudinary.com/kamux/image/upload/v1760527803/prod_v2/722e7e03-b2cc-4ee6-8502-ba93f5a7a351.pdf,False,False
Jaguar,I-Pace,Jaguar I-Pace,2019,PASSENGER_CAR,Tuusula,2023-03-07T22:00:00Z,2018-12-26T22:00:00Z,2025-04-03T00:00:00Z,2025-03-06T22:00:00Z,90.0,480,294.0,193.0,145000,19890,https://res.cloudinary.com/kamux/image/upload/v1768302965/prod_v2/afc4f57a-8a4d-412d-91ab-6021c0d1d7ac.pdf,False,False
MG,MG4,MG MG4,2023,PASSENGER_CAR,Turku,,2023-10-30T22:00:00Z,2026-01-20T00:00:00Z,,51.0,350,125.0,160.0,15000,18280,https://res.cloudinary.com/kamux/image/upload/v1770640024/prod_v2/e92c2728-3d67-448d-ba20-140e11ee4674.pdf,True,False
MG,MG4,MG MG4,2023,PASSENGER_CAR,Porvoo,,2023-08-30T21:00:00Z,2026-01-20T00:00:00Z,,51.0,350,125.0,160.0,25000,17900,https://res.cloudinary.com/kamux/image/upload/v1770638712/prod_v2/1c562eff-29b2-41dd-b1c2-4ae60bd93db4.pdf,True,False
Volkswagen,ID.3,Volkswagen ID.3,2020,PASSENGER_CAR,Espoo Koskelo,2022-07-26T21:00:00Z,2020-12-21T22:00:00Z,2026-01-30T00:00:00Z,2024-12-16T22:00:00Z,58.0,420,150.0,160.0,78000,19590,https://res.cloudinary.com/kamux/image/upload/v1763810665/prod_v2/92b9e91a-695c-4d40-a2ba-6b341b4fdeef.pdf,False,False
